;title;price;post link;image link;seller
0;"Monitor gamer LG 27UL500 led 27"" blanco 100V/240V";511.500;https://www.mercadolibre.com.ar/monitor-gamer-lg-27ul500-led-27-blanco-100v240v/p/MLA15461390?pdp_filters=category:MLA1648#searchVariation=MLA15461390&position=8&search_layout=stack&type=product&tracking_id=692d9bd9-e709-4005-939d-3751e91847b8;https://http2.mlstatic.com/D_NQ_NP_676111-MLA41418872467_042020-V.jpg;GUIDO TEC
1;Pantalla Proyector 84 Pulgadas 16:9 4k Ultra Hd Automatica;218.399;https://articulo.mercadolibre.com.ar/MLA-1439969408-pantalla-proyector-84-pulgadas-169-4k-ultra-hd-automatica-_JM#position=15&search_layout=stack&type=item&tracking_id=692d9bd9-e709-4005-939d-3751e91847b8;https://http2.mlstatic.com/D_NQ_NP_858645-MLA46924594966_072021-V.jpg;SMART-CLICK
2;Monitor Uhd Samsung Curved 32'' Pantalla 4k - Lu32r590 Color Negro;1.249.990;https://www.mercadolibre.com.ar/monitor-uhd-samsung-curved-32-pantalla-4k-lu32r590-color-negro/p/MLA19642504?pdp_filters=category:MLA1648#searchVariation=MLA19642504&position=14&search_layout=stack&type=product&tracking_id=692d9bd9-e709-4005-939d-3751e91847b8;https://http2.mlstatic.com/D_NQ_NP_681760-MLA51359759925_082022-V.jpg;GAMESTATION ARG
3;"Monitor LG UltraGear LG 27"" negro 110V/220V";10.582.828;https://www.mercadolibre.com.ar/monitor-lg-ultragear-lg-27-negro-110v220v/p/MLA28640480?pdp_filters=category:MLA1648#searchVariation=MLA28640480&position=12&search_layout=stack&type=product&tracking_id=692d9bd9-e709-4005-939d-3751e91847b8;https://http2.mlstatic.com/D_NQ_NP_710971-MLU73266391201_122023-V.jpg;CF RAPID
4;Adaptador Displayport Hdmi Cable Display Port 4k Dehuka Laptop Placa De Video Monitor Compatibilidad Poyector Nooteboks Pc Transmitir Pantalla Audio y Videos Accesorios Computadoras;8.999;https://www.mercadolibre.com.ar/adaptador-displayport-hdmi-cable-display-port-4k-dehuka-laptop-placa-de-video-monitor-compatibilidad-poyector-nooteboks-pc-transmitir-pantalla-audio-y-videos-accesorios-computadoras/p/MLA21034842?pdp_filters=category:MLA1648#searchVariation=MLA21034842&position=13&search_layout=stack&type=product&tracking_id=692d9bd9-e709-4005-939d-3751e91847b8;https://http2.mlstatic.com/D_NQ_NP_646195-MLU70652502290_072023-V.jpg;DEHUKA
5;Magicraven 4k - Monitor Portátil 16  - Pantalla Usb C - Hdmi;649.999;https://articulo.mercadolibre.com.ar/MLA-1597688838-magicraven-4k-monitor-portatil-16-pantalla-usb-c-hdmi-_JM#position=16&search_layout=stack&type=item&tracking_id=692d9bd9-e709-4005-939d-3751e91847b8;https://http2.mlstatic.com/D_NQ_NP_978745-MLA73409963367_122023-V.jpg;IGRA SHOP
6;Cable Displayport 4k 1.8m 144hz Video Audio Adaptador Dehuka Convertidor Compatible Notebooks Laptops Pc Computadoras Transmitir Imagen Nitida Pantalla Monitor Tv Proyector Puerto Dp A Dp;7.899;https://www.mercadolibre.com.ar/cable-displayport-4k-18m-144hz-video-audio-adaptador-dehuka-convertidor-compatible-notebooks-laptops-pc-computadoras-transmitir-imagen-nitida-pantalla-monitor-tv-proyector-puerto-dp-a-dp/p/MLA28542332?pdp_filters=category:MLA1648#searchVariation=MLA28542332&position=9&search_layout=stack&type=product&tracking_id=692d9bd9-e709-4005-939d-3751e91847b8;https://http2.mlstatic.com/D_NQ_NP_955881-MLU73076320534_112023-V.jpg;DEHUKA
7;Pantalla Profesional Samsung Serie Qmb 50'' Uhd 500 Nits;1.525.635;https://articulo.mercadolibre.com.ar/MLA-1532586040-pantalla-profesional-samsung-serie-qmb-50-uhd-500-nits-_JM#position=17&search_layout=stack&type=item&tracking_id=692d9bd9-e709-4005-939d-3751e91847b8;https://http2.mlstatic.com/D_NQ_NP_651320-MLA72181944041_102023-V.jpg;TRES MARES
8;Pantalla Proyector 100puLG(226x127cm) Proyeccion Hd, 4k 16:9;132.089;https://articulo.mercadolibre.com.ar/MLA-1137953596-pantalla-proyector-100pulg226x127cm-proyeccion-hd-4k-169-_JM#position=18&search_layout=stack&type=item&tracking_id=692d9bd9-e709-4005-939d-3751e91847b8;https://http2.mlstatic.com/D_NQ_NP_787039-MLA50001232261_052022-V.jpg;ELBAZARDIGITAL
9;Pantalla LG 55ul3j 55'' Uhd Signage Webos 400 Nits Ips ;3.328.075;https://articulo.mercadolibre.com.ar/MLA-1499280410-pantalla-lg-55ul3j-55-uhd-signage-webos-400-nits-ips-_JM#position=19&search_layout=stack&type=item&tracking_id=692d9bd9-e709-4005-939d-3751e91847b8;https://http2.mlstatic.com/D_NQ_NP_939713-MLA71519197480_092023-V.jpg;TRES MARES
10;Mini PC Bmax B2 PRO con Windows 11 Pro, Intel Gemini Lake J4105, placa gráfica Gráficos Intel UHD 600, memoria RAM de 8GB y capacidad de almacenamiento de 256GB - 220V color negro;455.990;https://www.mercadolibre.com.ar/mini-pc-bmax-b2-pro-con-windows-11-pro-intel-gemini-lake-j4105-placa-grafica-graficos-intel-uhd-600-memoria-ram-de-8gb-y-capacidad-de-almacenamiento-de-256gb-220v-color-negro/p/MLA28117794?pdp_filters=category:MLA1648#searchVariation=MLA28117794&position=11&search_layout=stack&type=product&tracking_id=692d9bd9-e709-4005-939d-3751e91847b8;https://http2.mlstatic.com/D_NQ_NP_667164-MLA72896758743_112023-V.jpg;LACOBACHA-AUDIO
11;Pantalla Profesional Samsung Serie Qmb 75'' Uhd 500 Nits;11.151.240;https://articulo.mercadolibre.com.ar/MLA-1602807446-pantalla-profesional-samsung-serie-qmb-75-uhd-500-nits-_JM#position=20&search_layout=stack&type=item&tracking_id=692d9bd9-e709-4005-939d-3751e91847b8;https://http2.mlstatic.com/D_NQ_NP_778820-MLA73410320732_122023-V.jpg;TRES MARES
12;Pantalla P/ Proyeccion Portatil 150 Plegable 169 1080hd 4k ;170.009;https://articulo.mercadolibre.com.ar/MLA-1411044244-pantalla-p-proyeccion-portatil-150-plegable-169-1080hd-4k-_JM#position=21&search_layout=stack&type=item&tracking_id=692d9bd9-e709-4005-939d-3751e91847b8;https://http2.mlstatic.com/D_NQ_NP_724129-MLA69245570352_052023-V.jpg;ELBAZARDIGITAL
13;Pantalla LG 65ul3j 65'' Uhd Signage Webos 400 Nits Ips ;7.033.129;https://articulo.mercadolibre.com.ar/MLA-1499279806-pantalla-lg-65ul3j-65-uhd-signage-webos-400-nits-ips-_JM#position=22&search_layout=stack&type=item&tracking_id=692d9bd9-e709-4005-939d-3751e91847b8;https://http2.mlstatic.com/D_NQ_NP_860783-MLA71519234938_092023-V.jpg;TRES MARES
14;Pantalla Profesional Samsung Serie Qmb 75'' Uhd 500 Nits;6.566.270;https://articulo.mercadolibre.com.ar/MLA-1602719590-pantalla-profesional-samsung-serie-qmb-75-uhd-500-nits-_JM#position=23&search_layout=stack&type=item&tracking_id=692d9bd9-e709-4005-939d-3751e91847b8;https://http2.mlstatic.com/D_NQ_NP_692556-MLA73410306922_122023-V.jpg;TRES MARES
15;Hub Adaptador Usb C A Hdmi 4k Usb 3.0 Usb C Compatible Con Macbook M1 Air Pro Duplicar Pantalla Laptop Notebook;60.599;https://www.mercadolibre.com.ar/hub-adaptador-usb-c-a-hdmi-4k-usb-30-usb-c-compatible-con-macbook-m1-air-pro-duplicar-pantalla-laptop-notebook/p/MLA22307711?pdp_filters=category:MLA1648#searchVariation=MLA22307711&position=2&search_layout=stack&type=product&tracking_id=692d9bd9-e709-4005-939d-3751e91847b8;https://http2.mlstatic.com/D_NQ_NP_816786-MLA54389123764_032023-V.jpg;DEHUKA
16;Pantalla LG 55ul3j 55'' Uhd Signage Webos 400 Nits Ips ;5.428.004;https://articulo.mercadolibre.com.ar/MLA-1499383936-pantalla-lg-55ul3j-55-uhd-signage-webos-400-nits-ips-_JM#position=24&search_layout=stack&type=item&tracking_id=692d9bd9-e709-4005-939d-3751e91847b8;https://http2.mlstatic.com/D_NQ_NP_834834-MLA71566755601_092023-V.jpg;TRES MARES
17;Pantalla De Proyector Con Soporte 120 16:9 4k Portatil;428.599;https://articulo.mercadolibre.com.ar/MLA-1251731468-pantalla-de-proyector-con-soporte-120-169-4k-portatil-_JM#position=25&search_layout=stack&type=item&tracking_id=692d9bd9-e709-4005-939d-3751e91847b8;https://http2.mlstatic.com/D_NQ_NP_762806-MLA52512227098_112022-V.jpg;ELBAZARDIGITAL
18;Pantalla LG 65ul3j 65'' Uhd Signage Webos 400 Nits Ips ;4.311.958;https://articulo.mercadolibre.com.ar/MLA-1499292550-pantalla-lg-65ul3j-65-uhd-signage-webos-400-nits-ips-_JM#position=26&search_layout=stack&type=item&tracking_id=692d9bd9-e709-4005-939d-3751e91847b8;https://http2.mlstatic.com/D_NQ_NP_693966-MLA71519218316_092023-V.jpg;TRES MARES
19;Notebook ASUS Zenbook Flip S13 OLED X371EA-HL390T I7 1165g7 13,3 4k Touch SSD 512GB 16GB;1.403.999;https://www.mercadolibre.com.ar/notebook-asus-zenbook-flip-s13-oled-x371ea-hl390t-i7-1165g7-133-4k-touch-ssd-512gb-16gb/p/MLA21233451?pdp_filters=category:MLA1648#searchVariation=MLA21233451&position=6&search_layout=stack&type=product&tracking_id=692d9bd9-e709-4005-939d-3751e91847b8;https://http2.mlstatic.com/D_NQ_NP_849632-MLA46402237523_062021-V.jpg;ESPACIO ELECTRONICA
20;Pantalla Profesional Samsung Serie Qmb 55'' Uhd 500 Nits ;14.861.677;https://articulo.mercadolibre.com.ar/MLA-1602960818-pantalla-profesional-samsung-serie-qmb-55-uhd-500-nits-_JM#position=27&search_layout=stack&type=item&tracking_id=692d9bd9-e709-4005-939d-3751e91847b8;https://http2.mlstatic.com/D_NQ_NP_911289-MLA73501073765_122023-V.jpg;TRES MARES
21;Pantalla Para Proyector Antiarrugas 4k De 60 Pulgadas;133.189;https://articulo.mercadolibre.com.ar/MLA-1214999284-pantalla-para-proyector-antiarrugas-4k-de-60-pulgadas-_JM#position=28&search_layout=stack&type=item&tracking_id=692d9bd9-e709-4005-939d-3751e91847b8;https://http2.mlstatic.com/D_NQ_NP_943759-MLA52166524654_102022-V.jpg;ELBAZARDIGITAL
22;Pantalla Samsung Vm46b-u 46'' Videowall Lcd Uhd Hdmi Usb;3.648.404;https://articulo.mercadolibre.com.ar/MLA-1387185697-pantalla-samsung-vm46b-u-46-videowall-lcd-uhd-hdmi-usb-_JM#position=29&search_layout=stack&type=item&tracking_id=692d9bd9-e709-4005-939d-3751e91847b8;https://http2.mlstatic.com/D_NQ_NP_909049-MLA71535932550_092023-V.jpg;TRES MARES
23;Adaptador Displayport Hdmi 4k Full Hd Dehuka Compatible Pc Notebook Laptop Dispositivos Monitor Tv Proyector Transmitir Pantalla Duplicada Audio Y Videos Accesorios Computadoras Modo Extensor;5.299;https://www.mercadolibre.com.ar/adaptador-displayport-hdmi-4k-full-hd-dehuka-compatible-pc-notebook-laptop-dispositivos-monitor-tv-proyector-transmitir-pantalla-duplicada-audio-y-videos-accesorios-computadoras-modo-extensor/p/MLA27957824?pdp_filters=category:MLA1648#searchVariation=MLA27957824&position=7&search_layout=stack&type=product&tracking_id=692d9bd9-e709-4005-939d-3751e91847b8;https://http2.mlstatic.com/D_NQ_NP_885171-MLU72672089291_112023-V.jpg;DEHUKA
24;Pantalla LG 50ul3j 50'' Uhd Signage Webos 400 Nits Ips ;3.147.585;https://articulo.mercadolibre.com.ar/MLA-1499306148-pantalla-lg-50ul3j-50-uhd-signage-webos-400-nits-ips-_JM#position=30&search_layout=stack&type=item&tracking_id=692d9bd9-e709-4005-939d-3751e91847b8;https://http2.mlstatic.com/D_NQ_NP_905302-MLA71566703681_092023-V.jpg;TRES MARES
25;Mini Pc N5105 16gb 512ssd Win11pro Bt 4k Doble Pantalla;599.000;https://articulo.mercadolibre.com.ar/MLA-1441115954-mini-pc-n5105-16gb-512ssd-win11pro-bt-4k-doble-pantalla-_JM#position=31&search_layout=stack&type=item&tracking_id=692d9bd9-e709-4005-939d-3751e91847b8;https://http2.mlstatic.com/D_NQ_NP_850977-MLA70219882024_062023-V.jpg;LACOBACHA-AUDIO
26;Pantalla LG 50ul3j 50'' Uhd Signage Webos 400 Nits Ips ;5.133.361;https://articulo.mercadolibre.com.ar/MLA-1499215794-pantalla-lg-50ul3j-50-uhd-signage-webos-400-nits-ips-_JM#position=32&search_layout=stack&type=item&tracking_id=692d9bd9-e709-4005-939d-3751e91847b8;https://http2.mlstatic.com/D_NQ_NP_898292-MLA71519138400_092023-V.jpg;TRES MARES
27;Pantalla De Proyector Y Soporte 150 Pulgadas 16: 9 Hd 4k ;935.629;https://articulo.mercadolibre.com.ar/MLA-1152987585-pantalla-de-proyector-y-soporte-150-pulgadas-16-9-hd-4k-_JM#position=33&search_layout=stack&type=item&tracking_id=692d9bd9-e709-4005-939d-3751e91847b8;https://http2.mlstatic.com/D_NQ_NP_603067-MLA51131282016_082022-V.jpg;ELBAZARDIGITAL
28;Pantalla Samsung Vm46b-u 46'' Videowall Lcd Uhd Hdmi Usb;5.951.649;https://articulo.mercadolibre.com.ar/MLA-1501461074-pantalla-samsung-vm46b-u-46-videowall-lcd-uhd-hdmi-usb-_JM#position=34&search_layout=stack&type=item&tracking_id=692d9bd9-e709-4005-939d-3751e91847b8;https://http2.mlstatic.com/D_NQ_NP_633771-MLA71583759645_092023-V.jpg;TRES MARES
29;Tableta gráfica XP-Pen Artist 15.6  black;1.034.999;https://www.mercadolibre.com.ar/tableta-grafica-xp-pen-artist-156-black/p/MLA15176279?pdp_filters=category:MLA1648#searchVariation=MLA15176279&position=4&search_layout=stack&type=product&tracking_id=692d9bd9-e709-4005-939d-3751e91847b8;https://http2.mlstatic.com/D_NQ_NP_721165-MLA32699926047_102019-V.jpg;OVERHARD
30;Pantalla Profesional Samsung Serie Qmb 55'' Uhd 500 Nits ;8.750.761;https://articulo.mercadolibre.com.ar/MLA-1602986796-pantalla-profesional-samsung-serie-qmb-55-uhd-500-nits-_JM#position=35&search_layout=stack&type=item&tracking_id=692d9bd9-e709-4005-939d-3751e91847b8;https://http2.mlstatic.com/D_NQ_NP_798146-MLA73501059487_122023-V.jpg;TRES MARES
31;Pantalla De Proyector Akia 110 4:3 Retractil Manual8k 4khd;778.529;https://articulo.mercadolibre.com.ar/MLA-1382385269-pantalla-de-proyector-akia-110-43-retractil-manual8k-4khd-_JM#position=36&search_layout=stack&type=item&tracking_id=692d9bd9-e709-4005-939d-3751e91847b8;https://http2.mlstatic.com/D_NQ_NP_969931-MLA70980877521_082023-V.jpg;ELBAZARDIGITAL
32;Monitor LG 27ul500-w 4k Uhd Hdr Freesync Gamer;1.040.691;https://articulo.mercadolibre.com.ar/MLA-852256985-monitor-lg-27ul500-w-4k-uhd-hdr-freesync-gamer-_JM#position=37&search_layout=stack&type=item&tracking_id=692d9bd9-e709-4005-939d-3751e91847b8;https://http2.mlstatic.com/D_NQ_NP_923328-MLA73809846773_012024-V.jpg;TRES MARES
33;Pantalla Profesional Samsung Serie Qmb 50'' Uhd 500 Nits;2.588.599;https://articulo.mercadolibre.com.ar/MLA-1532586058-pantalla-profesional-samsung-serie-qmb-50-uhd-500-nits-_JM#position=38&search_layout=stack&type=item&tracking_id=692d9bd9-e709-4005-939d-3751e91847b8;https://http2.mlstatic.com/D_NQ_NP_759609-MLA72121447080_102023-V.jpg;TRES MARES
34;Notebook Asus Zenbook Pro 16X OLED UX7602ZM-ME027W tech black táctil Intel Core i9 12900H  32GB de RAM 1 TB SSD, NVIDIA GeForce RTX 3060 60 Hz 3840x2400px Windows 11 Home;5.499.999;https://www.mercadolibre.com.ar/notebook-asus-zenbook-pro-16x-oled-ux7602zm-me027w-tech-black-tactil-intel-core-i9-12900h-32gb-de-ram-1-tb-ssd-nvidia-geforce-rtx-3060-60-hz-3840x2400px-windows-11-home/p/MLA27003113?pdp_filters=category:MLA1648#searchVariation=MLA27003113&position=3&search_layout=stack&type=product&tracking_id=692d9bd9-e709-4005-939d-3751e91847b8;https://http2.mlstatic.com/D_NQ_NP_621147-MLA71720365701_092023-V.jpg;ATAJO_AR
35;Pantalla Monitor LG 98 Pulgadas Uhd 98um5j-b Ips C;9.680.179;https://articulo.mercadolibre.com.ar/MLA-1368535820-pantalla-monitor-lg-98-pulgadas-uhd-98um5j-b-ips-c-_JM#position=39&search_layout=stack&type=item&tracking_id=692d9bd9-e709-4005-939d-3751e91847b8;https://http2.mlstatic.com/D_NQ_NP_704346-MLA54289750444_032023-V.jpg;CF RAPID
36;Pantalla De Proyector 4k 180 Interior Eterior ;660.489;https://articulo.mercadolibre.com.ar/MLA-1130769583-pantalla-de-proyector-4k-180-interior-eterior-_JM#position=40&search_layout=stack&type=item&tracking_id=692d9bd9-e709-4005-939d-3751e91847b8;https://http2.mlstatic.com/D_NQ_NP_771395-MLA49576837452_042022-V.jpg;ELBAZARDIGITAL
37;Pantalla Monitor LG 98 Pulgadas Uhd 98um5j-b Ips;8.924.999;https://articulo.mercadolibre.com.ar/MLA-1614708598-pantalla-monitor-lg-98-pulgadas-uhd-98um5j-b-ips-_JM#position=41&search_layout=stack&type=item&tracking_id=692d9bd9-e709-4005-939d-3751e91847b8;https://http2.mlstatic.com/D_NQ_NP_841985-MLA73724456819_122023-V.jpg;CORDONAT TECHNOLOGY
38;Hp Spectre X360 16-f2000 I7-1360p 16gb 1tbssd 16'' 4k Touch;2.614.000;https://articulo.mercadolibre.com.ar/MLA-1562194878-hp-spectre-x360-16-f2000-i7-1360p-16gb-1tbssd-16-4k-touch-_JM#position=42&search_layout=stack&type=item&tracking_id=692d9bd9-e709-4005-939d-3751e91847b8;https://http2.mlstatic.com/D_NQ_NP_767651-MLA48035168859_102021-V.jpg;WEB OPORTUNIDADES
39;Monitor LG 27ul500-w 4k Uhd Hdr Freesync Gamer;614.212;https://articulo.mercadolibre.com.ar/MLA-852256806-monitor-lg-27ul500-w-4k-uhd-hdr-freesync-gamer-_JM#position=43&search_layout=stack&type=item&tracking_id=692d9bd9-e709-4005-939d-3751e91847b8;https://http2.mlstatic.com/D_NQ_NP_856827-MLA73809791907_012024-V.jpg;TRES MARES
40;Pantalla De Proyeccion 120 16:9 Hd 4k Portatil Con Soporte;428.599;https://articulo.mercadolibre.com.ar/MLA-1358079789-pantalla-de-proyeccion-120-169-hd-4k-portatil-con-soporte-_JM#position=44&search_layout=stack&type=item&tracking_id=692d9bd9-e709-4005-939d-3751e91847b8;https://http2.mlstatic.com/D_NQ_NP_769467-MLA54024220538_022023-V.jpg;ELBAZARDIGITAL
41;Pantalla Interactiva Viewsonic 65'' Multitáctil Ifp6550-3a;5.200.000;https://articulo.mercadolibre.com.ar/MLA-1337942166-pantalla-interactiva-viewsonic-65-multitactil-ifp6550-3a-_JM#position=45&search_layout=stack&type=item&tracking_id=692d9bd9-e709-4005-939d-3751e91847b8;https://http2.mlstatic.com/D_NQ_NP_927246-MLA53642156253_022023-V.jpg;JBMI.SRL
42;Dock Lenovo Thinkpad Usb-c 40af0135ar Usb Hdmi Dport;493.516;https://www.mercadolibre.com.ar/dock-lenovo-thinkpad-usb-c-40af0135ar-usb-hdmi-dport/p/MLA29390451?pdp_filters=category:MLA1648#searchVariation=MLA29390451&position=5&search_layout=stack&type=product&tracking_id=692d9bd9-e709-4005-939d-3751e91847b8;https://http2.mlstatic.com/D_NQ_NP_895056-MLU73618335528_122023-V.jpg;INOROESTE
43;Monitor Táctil Multitouch 55'' Interactivo Tv 20 Toques 4k;2.300.000;https://articulo.mercadolibre.com.ar/MLA-837648025-monitor-tactil-multitouch-55-interactivo-tv-20-toques-4k-_JM#position=46&search_layout=stack&type=item&tracking_id=692d9bd9-e709-4005-939d-3751e91847b8;https://http2.mlstatic.com/D_NQ_NP_742353-MLA43532646938_092020-V.jpg;JBMI.SRL
44;Pantalla Interactiva Samsung Flip 55'' Multitáctil Wm55r;3.800.000;https://articulo.mercadolibre.com.ar/MLA-1337737592-pantalla-interactiva-samsung-flip-55-multitactil-wm55r-_JM#position=47&search_layout=stack&type=item&tracking_id=692d9bd9-e709-4005-939d-3751e91847b8;https://http2.mlstatic.com/D_NQ_NP_819334-MLA53644709413_022023-V.jpg;JBMI.SRL
45;"Monitor Multitáctil JBMI TVMulti65 led 65"" negro 220V";3.000.000;https://www.mercadolibre.com.ar/monitor-multitactil-jbmi-tvmulti65-led-65-negro-220v/p/MLA27801360?pdp_filters=category:MLA1648#searchVariation=MLA27801360&position=10&search_layout=stack&type=product&tracking_id=692d9bd9-e709-4005-939d-3751e91847b8;https://http2.mlstatic.com/D_NQ_NP_755690-MLA72330626657_102023-V.jpg;JBMI.SRL
46;Elevador Estabilizador Automatico Tension 12 Kva R160-245v Color Blanco;599.978;https://www.mercadolibre.com.ar/elevador-estabilizador-automatico-tension-12-kva-r160-245v-color-blanco/p/MLA7972827?pdp_filters=category:MLA1648#searchVariation=MLA7972827&position=1&search_layout=stack&type=product&tracking_id=692d9bd9-e709-4005-939d-3751e91847b8;https://http2.mlstatic.com/D_NQ_NP_877512-MLU72857145244_112023-V.jpg;PAMPA-HERRAMIENTAS
47;Monitor Táctil Multitouch 75'' Interactivo Tv 20 Toques 4k;4.400.000;https://articulo.mercadolibre.com.ar/MLA-1485844084-monitor-tactil-multitouch-75-interactivo-tv-20-toques-4k-_JM#position=48&search_layout=stack&type=item&tracking_id=692d9bd9-e709-4005-939d-3751e91847b8;https://http2.mlstatic.com/D_NQ_NP_742353-MLA43532646938_092020-V.jpg;JBMI.SRL
48;Pantalla Proyector 150 Pulgadas 16:9 4k Hd Portatil ;549.729;https://articulo.mercadolibre.com.ar/MLA-869079091-pantalla-proyector-150-pulgadas-169-4k-hd-portatil-_JM#position=49&search_layout=stack&type=item&tracking_id=692d9bd9-e709-4005-939d-3751e91847b8;https://http2.mlstatic.com/D_NQ_NP_704590-MLA42756028292_072020-V.jpg;ELBAZARDIGITAL
49;Pantalla Proyector 150puLG(335x182cm) Proyeccion Hd, 4k 16:9;191.749;https://articulo.mercadolibre.com.ar/MLA-1138102557-pantalla-proyector-150pulg335x182cm-proyeccion-hd-4k-169-_JM#position=50&search_layout=stack&type=item&tracking_id=692d9bd9-e709-4005-939d-3751e91847b8;https://http2.mlstatic.com/D_NQ_NP_697933-MLA50013440852_052022-V.jpg;ELBAZARDIGITAL
50;Pantalla De Proyector Con Soporte 80 16:9 Hd 4k Portatil;349.539;https://articulo.mercadolibre.com.ar/MLA-1180098444-pantalla-de-proyector-con-soporte-80-169-hd-4k-portatil-_JM#position=4&search_layout=stack&type=item&tracking_id=6eea4214-3278-4bf2-ae05-91af6dd1664d;https://http2.mlstatic.com/D_NQ_NP_607727-MLA51744936604_092022-V.jpg;ELBAZARDIGITAL
51;Pantalla Interactiva Multitáctil 65'' 4k Pizarra Win10pro;6.400.000;https://articulo.mercadolibre.com.ar/MLA-837654956-pantalla-interactiva-multitactil-65-4k-pizarra-win10pro-_JM#position=5&search_layout=stack&type=item&tracking_id=6eea4214-3278-4bf2-ae05-91af6dd1664d;https://http2.mlstatic.com/D_NQ_NP_820896-MLA42475359568_072020-V.jpg;JBMI.SRL
52;Mini Pc N5105 16gb 512ssd Win11pro Bt 4k Doble Pantalla;869.285;https://articulo.mercadolibre.com.ar/MLA-1441077438-mini-pc-n5105-16gb-512ssd-win11pro-bt-4k-doble-pantalla-_JM#position=6&search_layout=stack&type=item&tracking_id=6eea4214-3278-4bf2-ae05-91af6dd1664d;https://http2.mlstatic.com/D_NQ_NP_981729-MLA70241983269_062023-V.jpg;LACOBACHA-AUDIO
53;Pantalla Interactiva Multitáctil 55'' 4k Pizarra Win10pro;5.000.000;https://articulo.mercadolibre.com.ar/MLA-837653731-pantalla-interactiva-multitactil-55-4k-pizarra-win10pro-_JM#position=7&search_layout=stack&type=item&tracking_id=6eea4214-3278-4bf2-ae05-91af6dd1664d;https://http2.mlstatic.com/D_NQ_NP_621279-MLA40669434976_022020-V.jpg;JBMI.SRL
54;Controlador De Pantallas 1 Entrada Y 4 Salidas Video Wall 4k;212.708;https://articulo.mercadolibre.com.ar/MLA-1454201454-controlador-de-pantallas-1-entrada-y-4-salidas-video-wall-4k-_JM#position=8&search_layout=stack&type=item&tracking_id=6eea4214-3278-4bf2-ae05-91af6dd1664d;https://http2.mlstatic.com/D_NQ_NP_743428-MLA69241821137_052023-V.jpg;ALTANET
55;Pantalla Interactiva Multitáctil 75'' 4k Pizarra Win10pro;8.000.000;https://articulo.mercadolibre.com.ar/MLA-865224162-pantalla-interactiva-multitactil-75-4k-pizarra-win10pro-_JM#position=9&search_layout=stack&type=item&tracking_id=6eea4214-3278-4bf2-ae05-91af6dd1664d;https://http2.mlstatic.com/D_NQ_NP_710004-MLA42475371276_072020-V.jpg;JBMI.SRL
56;Pantalla Proyector 120 Pulgadas 16:9 4k Hd 160° Portatil;146.369;https://articulo.mercadolibre.com.ar/MLA-869084790-pantalla-proyector-120-pulgadas-169-4k-hd-160-portatil-_JM#position=10&search_layout=stack&type=item&tracking_id=6eea4214-3278-4bf2-ae05-91af6dd1664d;https://http2.mlstatic.com/D_NQ_NP_620410-MLA42756396265_072020-V.jpg;ELBAZARDIGITAL
57;Notebook Hp Spectre X360 16 4k 2-en-1 I7 1360p Ddr5 A370m 4g;2.490.000;https://articulo.mercadolibre.com.ar/MLA-1393019049-notebook-hp-spectre-x360-16-4k-2-en-1-i7-1360p-ddr5-a370m-4g-_JM#position=11&search_layout=stack&type=item&tracking_id=6eea4214-3278-4bf2-ae05-91af6dd1664d;https://http2.mlstatic.com/D_NQ_NP_935665-MLA72396574169_102023-V.jpg;MLSERCOFIN
58;Pantalla Proyector 84 Pulgadas 4k Ultra Hd 16:9 Automatica;155.999;https://articulo.mercadolibre.com.ar/MLA-931783410-pantalla-proyector-84-pulgadas-4k-ultra-hd-169-automatica-_JM#position=12&search_layout=stack&type=item&tracking_id=6eea4214-3278-4bf2-ae05-91af6dd1664d;https://http2.mlstatic.com/D_NQ_NP_858645-MLA46924594966_072021-V.jpg;SMART-CLICK
59;Notebook Asus ZenBook UX371EA negra táctil Intel Core i5 1135G7  8GB de RAM 1 TB SSD, Intel Iris Xe Graphics 60 Hz 3840x2160px Windows 10;2.002.969;https://www.mercadolibre.com.ar/notebook-asus-zenbook-ux371ea-negra-tactil-intel-core-i5-1135g7-8gb-de-ram-1-tb-ssd-intel-iris-xe-graphics-60-hz-3840x2160px-windows-10/p/MLA27950397?pdp_filters=category:MLA1648#searchVariation=MLA27950397&position=2&search_layout=stack&type=product&tracking_id=6eea4214-3278-4bf2-ae05-91af6dd1664d;https://http2.mlstatic.com/D_NQ_NP_849632-MLA46402237523_062021-V.jpg;GAUSS ONLINE
60;Pantalla Proyector 120 Pulgadas 4k Con Tripode Ultra Hd 16:9;189.999;https://articulo.mercadolibre.com.ar/MLA-931837015-pantalla-proyector-120-pulgadas-4k-con-tripode-ultra-hd-169-_JM#position=13&search_layout=stack&type=item&tracking_id=6eea4214-3278-4bf2-ae05-91af6dd1664d;https://http2.mlstatic.com/D_NQ_NP_756306-MLA46925366335_072021-V.jpg;SMART-CLICK
61;Asus Zenbook Flip S13 I7-1165g7 16gb 512ssd Oled 4k Touch 14;1.948.648;https://articulo.mercadolibre.com.ar/MLA-1375246969-asus-zenbook-flip-s13-i7-1165g7-16gb-512ssd-oled-4k-touch-14-_JM#position=14&search_layout=stack&type=item&tracking_id=6eea4214-3278-4bf2-ae05-91af6dd1664d;https://http2.mlstatic.com/D_NQ_NP_644294-MLA70236681083_062023-V.jpg;INSUMOS_ACUARIO
62;Hdmi Splitter 1x2 Salidas Pantalla Pc Tv Full Hd 3d 2k 4k;40.857;https://articulo.mercadolibre.com.ar/MLA-1365901545-hdmi-splitter-1x2-salidas-pantalla-pc-tv-full-hd-3d-2k-4k-_JM#position=15&search_layout=stack&type=item&tracking_id=6eea4214-3278-4bf2-ae05-91af6dd1664d;https://http2.mlstatic.com/D_NQ_NP_669992-MLA54938373974_042023-V.jpg;PELBA MATERIALES-ELECTRICOS
63;Modulo Pantalla Tactil Dell Inspiron 15-7568 4k Uhd3840x2160;219.999;https://articulo.mercadolibre.com.ar/MLA-1148889328-modulo-pantalla-tactil-dell-inspiron-15-7568-4k-uhd3840x2160-_JM#position=16&search_layout=stack&type=item&tracking_id=6eea4214-3278-4bf2-ae05-91af6dd1664d;https://http2.mlstatic.com/D_NQ_NP_879484-MLA50917309683_072022-V.jpg;JDG-COMPUTACION
64;Notebook Asus Zenbook Flip S I7 16gb Ssd 512gb Tactil 360 4k;1.907.975;https://articulo.mercadolibre.com.ar/MLA-1448807130-notebook-asus-zenbook-flip-s-i7-16gb-ssd-512gb-tactil-360-4k-_JM#position=17&search_layout=stack&type=item&tracking_id=6eea4214-3278-4bf2-ae05-91af6dd1664d;https://http2.mlstatic.com/D_NQ_NP_645863-MLA70438942182_072023-V.jpg;FEFOTEC
65;Laptop Tactil 4k Lenovo Yoga 740 I7 16gb 512gb 15.6;1.390.000;https://articulo.mercadolibre.com.ar/MLA-926478480-laptop-tactil-4k-lenovo-yoga-740-i7-16gb-512gb-156-_JM#position=18&search_layout=stack&type=item&tracking_id=6eea4214-3278-4bf2-ae05-91af6dd1664d;https://http2.mlstatic.com/D_NQ_NP_784254-MLA45107350996_032021-V.jpg;SERMARIO27
66;Dell Xps 13 Ssd 1 Tb I5 8gb Touch 3840x2160 Entrega Inmediat;1.220.000;https://articulo.mercadolibre.com.ar/MLA-1516173312-dell-xps-13-ssd-1-tb-i5-8gb-touch-3840x2160-entrega-inmediat-_JM#position=19&search_layout=stack&type=item&tracking_id=6eea4214-3278-4bf2-ae05-91af6dd1664d;https://http2.mlstatic.com/D_NQ_NP_772128-MLA71883481787_092023-V.jpg;ERNESTO-ARAOZ
67;Pantalla Proyector 100 Pulgadas Proyeccion Hd 4k;109.379;https://articulo.mercadolibre.com.ar/MLA-1382038409-pantalla-proyector-100-pulgadas-proyeccion-hd-4k-_JM#position=20&search_layout=stack&type=item&tracking_id=6eea4214-3278-4bf2-ae05-91af6dd1664d;https://http2.mlstatic.com/D_NQ_NP_825662-MLA70936022715_082023-V.jpg;ELBAZARDIGITAL
68;Notebook Asus Zenbook Pro 16x Oled I9 14 Núcleos 1tb 32gb;10.999.999;https://articulo.mercadolibre.com.ar/MLA-1382209723-notebook-asus-zenbook-pro-16x-oled-i9-14-nucleos-1tb-32gb-_JM#position=21&search_layout=stack&type=item&tracking_id=6eea4214-3278-4bf2-ae05-91af6dd1664d;https://http2.mlstatic.com/D_NQ_NP_958607-MLA71412999661_082023-V.jpg;ATAJO_AR
69;Pantalla 15.6 Slim 40p Ultra Hd Ips 4k 359mm B156zan02.0;1.899.998;https://articulo.mercadolibre.com.ar/MLA-1568855538-pantalla-156-slim-40p-ultra-hd-ips-4k-359mm-b156zan020-_JM#position=22&search_layout=stack&type=item&tracking_id=6eea4214-3278-4bf2-ae05-91af6dd1664d;https://http2.mlstatic.com/D_NQ_NP_626351-MLA72865471082_112023-V.jpg;ZETA NOTEBOOKS
70;Pantalla Proyector 120 Pulgadas 16:9 Con Tripode 4k Ultra Hd;265.999;https://articulo.mercadolibre.com.ar/MLA-1439907040-pantalla-proyector-120-pulgadas-169-con-tripode-4k-ultra-hd-_JM#position=23&search_layout=stack&type=item&tracking_id=6eea4214-3278-4bf2-ae05-91af6dd1664d;https://http2.mlstatic.com/D_NQ_NP_756306-MLA46925366335_072021-V.jpg;SMART-CLICK
71;Notebook Asus Zenbook Pro 16x Oled I9 Con Microsoft 365;10.999.999;https://articulo.mercadolibre.com.ar/MLA-1553921150-notebook-asus-zenbook-pro-16x-oled-i9-con-microsoft-365-_JM#position=24&search_layout=stack&type=item&tracking_id=6eea4214-3278-4bf2-ae05-91af6dd1664d;https://http2.mlstatic.com/D_NQ_NP_958607-MLA71412999661_082023-V.jpg;ATAJO_AR
72;Asus Notebook Zenbook Pro 16x Oled Intel Con Microsoft 365;5.499.999;https://articulo.mercadolibre.com.ar/MLA-1553881958-asus-notebook-zenbook-pro-16x-oled-intel-con-microsoft-365-_JM#position=25&search_layout=stack&type=item&tracking_id=6eea4214-3278-4bf2-ae05-91af6dd1664d;https://http2.mlstatic.com/D_NQ_NP_961663-MLA71412771089_082023-V.jpg;ATAJO_AR
73;Pantalla De Proyeccion Retractil Manual 120 16:9 8k 4k U Hd;1.698.749;https://articulo.mercadolibre.com.ar/MLA-1219821562-pantalla-de-proyeccion-retractil-manual-120-169-8k-4k-u-hd-_JM#position=26&search_layout=stack&type=item&tracking_id=6eea4214-3278-4bf2-ae05-91af6dd1664d;https://http2.mlstatic.com/D_NQ_NP_769128-MLA52220713935_102022-V.jpg;ELBAZARDIGITAL
74;"Notebook Lenovo IdeaPad 14ITL5  shadow black táctil 14"", Intel Core i7 1195G7  16GB de RAM 512GB SSD, Intel Iris Xe Graphics G7 96EUs 3840x2160px Windows 11 Home";3.702.448;https://www.mercadolibre.com.ar/notebook-lenovo-ideapad-14itl5-shadow-black-tactil-14-intel-core-i7-1195g7-16gb-de-ram-512gb-ssd-intel-iris-xe-graphics-g7-96eus-3840x2160px-windows-11-home/p/MLA22478663?pdp_filters=category:MLA1648#searchVariation=MLA22478663&position=3&search_layout=stack&type=product&tracking_id=6eea4214-3278-4bf2-ae05-91af6dd1664d;https://http2.mlstatic.com/D_NQ_NP_732070-MLA54815788849_042023-V.jpg;VA-ONLINE
75;Lenovo Ideapad Slim 9 4k Touch I7-1165g 16gb 512gb W11 ;4.068.625;https://articulo.mercadolibre.com.ar/MLA-1495364298-lenovo-ideapad-slim-9-4k-touch-i7-1165g-16gb-512gb-w11-_JM#position=27&search_layout=stack&type=item&tracking_id=6eea4214-3278-4bf2-ae05-91af6dd1664d;https://http2.mlstatic.com/D_NQ_NP_695137-MLA71653189457_092023-V.jpg;VA-ONLINE
76;Kamvas Pro 24 (4k) Qled, Hdr , Pentech 3.0 Modelo Nuevo ;2.200.000;https://articulo.mercadolibre.com.ar/MLA-1375803909-kamvas-pro-24-4k-qled-hdr-pentech-30-modelo-nuevo-_JM#position=28&search_layout=stack&type=item&tracking_id=6eea4214-3278-4bf2-ae05-91af6dd1664d;https://http2.mlstatic.com/D_NQ_NP_697239-MLA70282606814_072023-V.jpg;DISTRITOELECTRONICO
77;Tableta Gráfica Huion Kamvas Pro 24 (4k);2.200.000;https://articulo.mercadolibre.com.ar/MLA-1130594204-tableta-grafica-huion-kamvas-pro-24-4k-_JM#position=29&search_layout=stack&type=item&tracking_id=6eea4214-3278-4bf2-ae05-91af6dd1664d;https://http2.mlstatic.com/D_NQ_NP_844623-MLA49566079428_042022-V.jpg;DISTRITOELECTRONICO
78;Pantalla Para Proyector 150 Pulgadas 8k / 4k Ultra Hd;2.496.279;https://articulo.mercadolibre.com.ar/MLA-1208629672-pantalla-para-proyector-150-pulgadas-8k-4k-ultra-hd-_JM#position=30&search_layout=stack&type=item&tracking_id=6eea4214-3278-4bf2-ae05-91af6dd1664d;https://http2.mlstatic.com/D_NQ_NP_615963-MLA52087015388_102022-V.jpg;ELBAZARDIGITAL
79;Dell Precision 7670 I9-12950hx 16gb 1tb 16'' 4k Rtx A3000 ;3.606.000;https://articulo.mercadolibre.com.ar/MLA-1400533227-dell-precision-7670-i9-12950hx-16gb-1tb-16-4k-rtx-a3000-_JM#position=31&search_layout=stack&type=item&tracking_id=6eea4214-3278-4bf2-ae05-91af6dd1664d;https://http2.mlstatic.com/D_NQ_NP_742651-MLA73688903987_122023-V.jpg;WEB OPORTUNIDADES
80;Modulo Pantalla Hp Envy 13t-ab 13-ab 13-ab015tu Fhd 4k 13.3;182.559;https://articulo.mercadolibre.com.ar/MLA-1314587068-modulo-pantalla-hp-envy-13t-ab-13-ab-13-ab015tu-fhd-4k-133-_JM#position=32&search_layout=stack&type=item&tracking_id=6eea4214-3278-4bf2-ae05-91af6dd1664d;https://http2.mlstatic.com/D_NQ_NP_906120-MLA53350213120_012023-V.jpg;IMPORTADOR.ONLINE
81;Notebook Asus Zenbook Flip S Ux371 11°g Core I7 Oled 4k Csi;2.063.999;https://articulo.mercadolibre.com.ar/MLA-896881749-notebook-asus-zenbook-flip-s-ux371-11g-core-i7-oled-4k-csi-_JM#position=33&search_layout=stack&type=item&tracking_id=6eea4214-3278-4bf2-ae05-91af6dd1664d;https://http2.mlstatic.com/D_NQ_NP_651620-MLA44060240516_112020-V.jpg;ESPACIO ELECTRONICA
82;Pantalla De Proyector Plegable De 120 16: 9 Hd 4k ;341.759;https://articulo.mercadolibre.com.ar/MLA-1160703473-pantalla-de-proyector-plegable-de-120-16-9-hd-4k-_JM#position=34&search_layout=stack&type=item&tracking_id=6eea4214-3278-4bf2-ae05-91af6dd1664d;https://http2.mlstatic.com/D_NQ_NP_606343-MLA51355052749_082022-V.jpg;ELBAZARDIGITAL
83;Pantalla 14.0 Led Uhd 4k Lenovo Thinkpad T480 Nextsale Munro;279.787;https://articulo.mercadolibre.com.ar/MLA-1109206964-pantalla-140-led-uhd-4k-lenovo-thinkpad-t480-nextsale-munro-_JM#position=35&search_layout=stack&type=item&tracking_id=6eea4214-3278-4bf2-ae05-91af6dd1664d;https://http2.mlstatic.com/D_NQ_NP_888791-MLA47965338171_102021-V.jpg;AYRAX.COM.AR
84;Pantalla 14.0 Led Uhd 4k 3840x2160 Nv140qum-n61 Nextsale;279.787;https://articulo.mercadolibre.com.ar/MLA-1109168185-pantalla-140-led-uhd-4k-3840x2160-nv140qum-n61-nextsale-_JM#position=36&search_layout=stack&type=item&tracking_id=6eea4214-3278-4bf2-ae05-91af6dd1664d;https://http2.mlstatic.com/D_NQ_NP_860432-MLA47965334484_102021-V.jpg;AYRAX.COM.AR
85;Pantalla 14.0 Led Uhd 4k 3840x2160 Nv140qum-n62 Nextsale;279.787;https://articulo.mercadolibre.com.ar/MLA-1109161735-pantalla-140-led-uhd-4k-3840x2160-nv140qum-n62-nextsale-_JM#position=37&search_layout=stack&type=item&tracking_id=6eea4214-3278-4bf2-ae05-91af6dd1664d;https://http2.mlstatic.com/D_NQ_NP_781145-MLA47965338326_102021-V.jpg;AYRAX.COM.AR
86;Pantalla Proyector Con Soporte 120 16:9 4k Hd Frontal Tras.;569.179;https://articulo.mercadolibre.com.ar/MLA-1415448064-pantalla-proyector-con-soporte-120-169-4k-hd-frontal-tras-_JM#position=38&search_layout=stack&type=item&tracking_id=6eea4214-3278-4bf2-ae05-91af6dd1664d;https://http2.mlstatic.com/D_NQ_NP_902592-MLA69384505249_052023-V.jpg;ELBAZARDIGITAL
87;Pantalla 14.0 Led Uhd 4k B140zan01.0 Nextsale Munro;279.787;https://articulo.mercadolibre.com.ar/MLA-1109168188-pantalla-140-led-uhd-4k-b140zan010-nextsale-munro-_JM#position=39&search_layout=stack&type=item&tracking_id=6eea4214-3278-4bf2-ae05-91af6dd1664d;https://http2.mlstatic.com/D_NQ_NP_957118-MLA47965333784_102021-V.jpg;AYRAX.COM.AR
88;"Ultrabook  gamer  Asus UX371 jade black táctil 13.3"", Intel Core i7 16GB de RAM 0GB HDD 512GB SSD, Intel Iris Xe Graphics 60 Hz 3840x2160px Windows 10 Home";3.340.010;https://www.mercadolibre.com.ar/ultrabook-gamer-asus-ux371-jade-black-tactil-133-intel-core-i7-16gb-de-ram-0gb-hdd-512gb-ssd-intel-iris-xe-graphics-60-hz-3840x2160px-windows-10-home/p/MLA24418111?pdp_filters=category:MLA1648#searchVariation=MLA24418111&position=1&search_layout=stack&type=product&tracking_id=6eea4214-3278-4bf2-ae05-91af6dd1664d;https://http2.mlstatic.com/D_NQ_NP_625940-MLU70868559723_082023-V.jpg;BIGMARKETSHOP.COM.AR
89;Mini Pc J4105 Bmax 8g Ram 256ssd Win11 Bt 4k Doble Pantalla;633.535;https://articulo.mercadolibre.com.ar/MLA-1548523498-mini-pc-j4105-bmax-8g-ram-256ssd-win11-bt-4k-doble-pantalla-_JM#position=40&search_layout=stack&type=item&tracking_id=6eea4214-3278-4bf2-ae05-91af6dd1664d;https://http2.mlstatic.com/D_NQ_NP_819581-MLA72462939754_102023-V.jpg;LACOBACHA-AUDIO
90;Pantalla Proyector 100 Pulgadas Con Soporte 16:9 4k Hd;436.219;https://articulo.mercadolibre.com.ar/MLA-1160713192-pantalla-proyector-100-pulgadas-con-soporte-169-4k-hd-_JM#position=41&search_layout=stack&type=item&tracking_id=6eea4214-3278-4bf2-ae05-91af6dd1664d;https://http2.mlstatic.com/D_NQ_NP_873633-MLA51347326835_082022-V.jpg;ELBAZARDIGITAL
91;Lenovo Legion S7 Ryzen 9 16 Gb 1 Tb Ssd , Ultra Hd 4k 3050ti;3.000.000;https://articulo.mercadolibre.com.ar/MLA-1144139201-lenovo-legion-s7-ryzen-9-16-gb-1-tb-ssd-ultra-hd-4k-3050ti-_JM#position=42&search_layout=stack&type=item&tracking_id=6eea4214-3278-4bf2-ae05-91af6dd1664d;https://http2.mlstatic.com/D_NQ_NP_842009-MLA50450337955_062022-V.jpg;DISTRITOELECTRONICO
92;Huion Kamvas Pro 16 Plus 4k Uhd  Pantalla Laminada 145% Srgb;1.289.000;https://articulo.mercadolibre.com.ar/MLA-1130448539-huion-kamvas-pro-16-plus-4k-uhd-pantalla-laminada-145-srgb-_JM#position=43&search_layout=stack&type=item&tracking_id=6eea4214-3278-4bf2-ae05-91af6dd1664d;https://http2.mlstatic.com/D_NQ_NP_972879-MLA49815071348_042022-V.jpg;DISTRITOELECTRONICO
93;Novastar J6 Procesador Escalador Para Pantallas Led 4k;3.333.000;https://articulo.mercadolibre.com.ar/MLA-782827423-novastar-j6-procesador-escalador-para-pantallas-led-4k-_JM#position=44&search_layout=stack&type=item&tracking_id=6eea4214-3278-4bf2-ae05-91af6dd1664d;https://http2.mlstatic.com/D_NQ_NP_920989-MLA31623833595_072019-V.jpg;AVSONLINE
94;Pantalla De Proyector Con Soporte 120 16:9 Hd 4k Portatil;428.599;https://articulo.mercadolibre.com.ar/MLA-1252048731-pantalla-de-proyector-con-soporte-120-169-hd-4k-portatil-_JM#position=45&search_layout=stack&type=item&tracking_id=6eea4214-3278-4bf2-ae05-91af6dd1664d;https://http2.mlstatic.com/D_NQ_NP_927451-MLA52512263295_112022-V.jpg;ELBAZARDIGITAL
95;Notebook Msi Bravo Gamer 15.6 Ryzen 7 16g 512ssd Radeon 6500;1.999.999;https://articulo.mercadolibre.com.ar/MLA-1384507293-notebook-msi-bravo-gamer-156-ryzen-7-16g-512ssd-radeon-6500-_JM#position=46&search_layout=stack&type=item&tracking_id=6eea4214-3278-4bf2-ae05-91af6dd1664d;https://http2.mlstatic.com/D_NQ_NP_659616-MLA71236670252_082023-V.jpg;SICOAF-SRL
96;Huion Kamvas Pro 16 Plus 4k Uhd Monitor Grafico Modelo Nuevo;1.300.000;https://articulo.mercadolibre.com.ar/MLA-1103795817-huion-kamvas-pro-16-plus-4k-uhd-monitor-grafico-modelo-nuevo-_JM#position=47&search_layout=stack&type=item&tracking_id=6eea4214-3278-4bf2-ae05-91af6dd1664d;https://http2.mlstatic.com/D_NQ_NP_882708-MLA54986515906_052023-V.jpg;DISTRITOELECTRONICO
97;Notebook Asus Zenbook Intel I7 Touch 16gb 512gb 13,3 W11 4k;2.954.738;https://articulo.mercadolibre.com.ar/MLA-1396555873-notebook-asus-zenbook-intel-i7-touch-16gb-512gb-133-w11-4k-_JM#position=48&search_layout=stack&type=item&tracking_id=6eea4214-3278-4bf2-ae05-91af6dd1664d;https://http2.mlstatic.com/D_NQ_NP_849632-MLA46402237523_062021-V.jpg;BIGMARKETSHOP.COM.AR
98;Pantalla Retractil Para Proyector 100 Manual 16:9 4k 8k Ult;754.729;https://articulo.mercadolibre.com.ar/MLA-1154586182-pantalla-retractil-para-proyector-100-manual-169-4k-8k-ult-_JM#position=49&search_layout=stack&type=item&tracking_id=6eea4214-3278-4bf2-ae05-91af6dd1664d;https://http2.mlstatic.com/D_NQ_NP_727181-MLA51184014628_082022-V.jpg;ELBAZARDIGITAL
99;Pantalla Led 15.6 Uhd 4k 3840x2160 40pines Lp156ud1-spb2;450.000;https://articulo.mercadolibre.com.ar/MLA-1339953549-pantalla-led-156-uhd-4k-3840x2160-40pines-lp156ud1-spb2-_JM#position=50&search_layout=stack&type=item&tracking_id=6eea4214-3278-4bf2-ae05-91af6dd1664d;https://http2.mlstatic.com/D_NQ_NP_892056-MLA53686843847_022023-V.jpg;LMARECHAL_MF
100;Pantalla Digital Xp Pen Artist 15.6 Pro Uhd 4k Lapiz Tableta;961.312;https://articulo.mercadolibre.com.ar/MLA-791503999-pantalla-digital-xp-pen-artist-156-pro-uhd-4k-lapiz-tableta-_JM#position=1&search_layout=stack&type=item&tracking_id=c1e3daba-6221-4379-8dc5-a5e3cef549a8;https://http2.mlstatic.com/D_NQ_NP_951543-MLA31645634788_072019-V.jpg;MORA INFORMATICA
101;Mini Pc J4105 Bmax 8g Ram 256ssd Win11 Bt 4k Doble Pantalla;455.990;https://articulo.mercadolibre.com.ar/MLA-1398367003-mini-pc-j4105-bmax-8g-ram-256ssd-win11-bt-4k-doble-pantalla-_JM#position=2&search_layout=stack&type=item&tracking_id=c1e3daba-6221-4379-8dc5-a5e3cef549a8;https://http2.mlstatic.com/D_NQ_NP_884970-MLA73307710903_122023-V.jpg;TECNOCATISA
102;Mini Pc N5105 16gb 512ssd Win11pro Bt 4k Doble Pantalla;599.000;https://articulo.mercadolibre.com.ar/MLA-1398577553-mini-pc-n5105-16gb-512ssd-win11pro-bt-4k-doble-pantalla-_JM#position=3&search_layout=stack&type=item&tracking_id=c1e3daba-6221-4379-8dc5-a5e3cef549a8;https://http2.mlstatic.com/D_NQ_NP_755354-MLA73257778278_122023-V.jpg;TECNOCATISA
103;Pantalla Y Soporte Para Proyector De 150 Portatil 16: 9 4k ;807.069;https://articulo.mercadolibre.com.ar/MLA-1142278917-pantalla-y-soporte-para-proyector-de-150-portatil-16-9-4k-_JM#position=4&search_layout=stack&type=item&tracking_id=c1e3daba-6221-4379-8dc5-a5e3cef549a8;https://http2.mlstatic.com/D_NQ_NP_910565-MLA50287474988_062022-V.jpg;ELBAZARDIGITAL
104;Tableta Grafica Wacom Cintiq Pro 24 Dtk2420k11 4k;10.977.425;https://articulo.mercadolibre.com.ar/MLA-1178378767-tableta-grafica-wacom-cintiq-pro-24-dtk2420k11-4k-_JM#position=5&search_layout=stack&type=item&tracking_id=c1e3daba-6221-4379-8dc5-a5e3cef549a8;https://http2.mlstatic.com/D_NQ_NP_826313-MLA71830059920_092023-V.jpg;TRES MARES
105;Tableta Grafica Wacom Cintiq Pro 16 Dth167k0a1 4k Multitouch;12.387.560;https://articulo.mercadolibre.com.ar/MLA-1370078017-tableta-grafica-wacom-cintiq-pro-16-dth167k0a1-4k-multitouch-_JM#position=6&search_layout=stack&type=item&tracking_id=c1e3daba-6221-4379-8dc5-a5e3cef549a8;https://http2.mlstatic.com/D_NQ_NP_985041-MLA71884231591_092023-V.jpg;TRES MARES
106;Pantalla Proyector 84puLG.(190x112cm) Proyeccion Hd, 4k 16:9;123.959;https://articulo.mercadolibre.com.ar/MLA-1137976821-pantalla-proyector-84pulg190x112cm-proyeccion-hd-4k-169-_JM#position=7&search_layout=stack&type=item&tracking_id=c1e3daba-6221-4379-8dc5-a5e3cef549a8;https://http2.mlstatic.com/D_NQ_NP_642053-MLA50001197689_052022-V.jpg;ELBAZARDIGITAL
107;Pantalla 14.0 Led Uhd 4k 3840x2160 Nv140qum-n62 Nextsale;189.871;https://articulo.mercadolibre.com.ar/MLA-1108307740-pantalla-140-led-uhd-4k-3840x2160-nv140qum-n62-nextsale-_JM#position=8&search_layout=stack&type=item&tracking_id=c1e3daba-6221-4379-8dc5-a5e3cef549a8;https://http2.mlstatic.com/D_NQ_NP_651228-MLA47889393471_102021-V.jpg;NEXTSALECOMAR
108;Pantalla 14.0 Led Uhd 4k 3840x2160 Nv140qum-n61 Nextsale;215.221;https://articulo.mercadolibre.com.ar/MLA-1108268728-pantalla-140-led-uhd-4k-3840x2160-nv140qum-n61-nextsale-_JM#position=9&search_layout=stack&type=item&tracking_id=c1e3daba-6221-4379-8dc5-a5e3cef549a8;https://http2.mlstatic.com/D_NQ_NP_651228-MLA47889393471_102021-V.jpg;NEXTSALECOMAR
109;iPad 7 Generation 128 Gb  Memory Ram 3gb Pantalla 10.2  2019;550.000;https://articulo.mercadolibre.com.ar/MLA-1561199568-ipad-7-generation-128-gb-memory-ram-3gb-pantalla-102-2019-_JM#position=10&search_layout=stack&type=item&tracking_id=c1e3daba-6221-4379-8dc5-a5e3cef549a8;https://http2.mlstatic.com/D_NQ_NP_956437-MLU71450956404_092023-V.jpg;GAUTOMARIA20230124140802
110;Pantalla 14.0 Led Uhd 4k B140zan01.0 Nextsale Munro;215.221;https://articulo.mercadolibre.com.ar/MLA-1108314201-pantalla-140-led-uhd-4k-b140zan010-nextsale-munro-_JM#position=11&search_layout=stack&type=item&tracking_id=c1e3daba-6221-4379-8dc5-a5e3cef549a8;https://http2.mlstatic.com/D_NQ_NP_651228-MLA47889393471_102021-V.jpg;NEXTSALECOMAR
111;Pantalla Para Proyector Con Tripode 110 PuLG 4:3 16:9 8k 4k;680.269;https://articulo.mercadolibre.com.ar/MLA-901825657-pantalla-para-proyector-con-tripode-110-pulg-43-169-8k-4k-_JM#position=12&search_layout=stack&type=item&tracking_id=c1e3daba-6221-4379-8dc5-a5e3cef549a8;https://http2.mlstatic.com/D_NQ_NP_911319-MLA44385496970_122020-V.jpg;ELBAZARDIGITAL
112;Pantalla Para Proyector De 135 Pulgadas  16:9, 8k 4k Ultra;2.106.949;https://articulo.mercadolibre.com.ar/MLA-1136632462-pantalla-para-proyector-de-135-pulgadas-169-8k-4k-ultra-_JM#position=13&search_layout=stack&type=item&tracking_id=c1e3daba-6221-4379-8dc5-a5e3cef549a8;https://http2.mlstatic.com/D_NQ_NP_988104-MLA49912751078_052022-V.jpg;ELBAZARDIGITAL
113;Tableta Grafica Wacom Cintiq Pro 24 Dtk2420k11 4k;6.729.553;https://articulo.mercadolibre.com.ar/MLA-1178424214-tableta-grafica-wacom-cintiq-pro-24-dtk2420k11-4k-_JM#position=14&search_layout=stack&type=item&tracking_id=c1e3daba-6221-4379-8dc5-a5e3cef549a8;https://http2.mlstatic.com/D_NQ_NP_956862-MLA71884214881_092023-V.jpg;TRES MARES
114;Mini Proyector 4k Recargable 3d Byintek + Pantalla 4:3 100 ;1.358.531;https://articulo.mercadolibre.com.ar/MLA-1520876130-mini-proyector-4k-recargable-3d-byintek-pantalla-43-100-_JM#position=15&search_layout=stack&type=item&tracking_id=c1e3daba-6221-4379-8dc5-a5e3cef549a8;https://http2.mlstatic.com/D_NQ_NP_912048-MLA71997900911_092023-V.jpg;ALITRADE.COM.AR
115;Pantalla Proyector 120puLG(264x147cm) Proyeccion Hd, 4k 16:9;130.319;https://articulo.mercadolibre.com.ar/MLA-1138344454-pantalla-proyector-120pulg264x147cm-proyeccion-hd-4k-169-_JM#position=16&search_layout=stack&type=item&tracking_id=c1e3daba-6221-4379-8dc5-a5e3cef549a8;https://http2.mlstatic.com/D_NQ_NP_634248-MLA69621586980_052023-V.jpg;ELBAZARDIGITAL
116;Notebook Gamer Msi Bravo R5 7535 8 Gb Ssd 512 Rtx4050 15.6 W;2.999.990;https://articulo.mercadolibre.com.ar/MLA-1395190707-notebook-gamer-msi-bravo-r5-7535-8-gb-ssd-512-rtx4050-156-w-_JM#position=17&search_layout=stack&type=item&tracking_id=c1e3daba-6221-4379-8dc5-a5e3cef549a8;https://http2.mlstatic.com/D_NQ_NP_998057-MLA72717052862_112023-V.jpg;KEYTECSRL
117;Pantalla 14.0 Led Uhd 4k Lenovo Thinkpad T480 Nextsale Munro;215.221;https://articulo.mercadolibre.com.ar/MLA-1108314177-pantalla-140-led-uhd-4k-lenovo-thinkpad-t480-nextsale-munro-_JM#position=18&search_layout=stack&type=item&tracking_id=c1e3daba-6221-4379-8dc5-a5e3cef549a8;https://http2.mlstatic.com/D_NQ_NP_651228-MLA47889393471_102021-V.jpg;NEXTSALECOMAR
118;Tableta Grafica Wacom Cintiq Pro 16 Dth167k0a1 4k Multitouch;7.593.515;https://articulo.mercadolibre.com.ar/MLA-1418829472-tableta-grafica-wacom-cintiq-pro-16-dth167k0a1-4k-multitouch-_JM#position=19&search_layout=stack&type=item&tracking_id=c1e3daba-6221-4379-8dc5-a5e3cef549a8;https://http2.mlstatic.com/D_NQ_NP_946453-MLA71884231329_092023-V.jpg;TRES MARES
119;Pantalla De Proyeccion Kodak 12016:9 4k Full Hd Kit Montaj;1.794.129;https://articulo.mercadolibre.com.ar/MLA-1171707748-pantalla-de-proyeccion-kodak-120169-4k-full-hd-kit-montaj-_JM#position=20&search_layout=stack&type=item&tracking_id=c1e3daba-6221-4379-8dc5-a5e3cef549a8;https://http2.mlstatic.com/D_NQ_NP_662894-MLA51615856889_092022-V.jpg;ELBAZARDIGITAL
120;Mini Proyector 4k Recargable 3d Byintek + Pantalla 16:9 100 ;874.345;https://articulo.mercadolibre.com.ar/MLA-1390305769-mini-proyector-4k-recargable-3d-byintek-pantalla-169-100-_JM#position=21&search_layout=stack&type=item&tracking_id=c1e3daba-6221-4379-8dc5-a5e3cef549a8;https://http2.mlstatic.com/D_NQ_NP_759516-MLA71925460574_092023-V.jpg;ALITRADE.COM.AR
121;Mini Proyector 4k Recargable 3d Byintek + Pantalla 4:3 100 ;849.082;https://articulo.mercadolibre.com.ar/MLA-1390305773-mini-proyector-4k-recargable-3d-byintek-pantalla-43-100-_JM#position=22&search_layout=stack&type=item&tracking_id=c1e3daba-6221-4379-8dc5-a5e3cef549a8;https://http2.mlstatic.com/D_NQ_NP_845548-MLA71941991010_092023-V.jpg;ALITRADE.COM.AR
122;Pantalla Para Proyeccion C/soporte 150 16:9 4k Full Hd 1080;892.359;https://articulo.mercadolibre.com.ar/MLA-1520154596-pantalla-para-proyeccion-csoporte-150-169-4k-full-hd-1080-_JM#position=23&search_layout=stack&type=item&tracking_id=c1e3daba-6221-4379-8dc5-a5e3cef549a8;https://http2.mlstatic.com/D_NQ_NP_759920-MLA71959730685_092023-V.jpg;ELBAZARDIGITAL
123;Mini Proyector 4k Recargable 3d Byintek + Pantalla 16:9 100 ;874.345;https://articulo.mercadolibre.com.ar/MLA-1390292797-mini-proyector-4k-recargable-3d-byintek-pantalla-169-100-_JM#position=24&search_layout=stack&type=item&tracking_id=c1e3daba-6221-4379-8dc5-a5e3cef549a8;https://http2.mlstatic.com/D_NQ_NP_794824-MLA71981265139_092023-V.jpg;ALITOYS.COM.AR
124;Mini Proyector 4k Recargable 3d Byintek + Pantalla 4:3 84 ;839.608;https://articulo.mercadolibre.com.ar/MLA-1390305735-mini-proyector-4k-recargable-3d-byintek-pantalla-43-84-_JM#position=25&search_layout=stack&type=item&tracking_id=c1e3daba-6221-4379-8dc5-a5e3cef549a8;https://http2.mlstatic.com/D_NQ_NP_993732-MLA71943266592_092023-V.jpg;ALITOYS.COM.AR
125;Mini Proyector 4k Recargable 3d Byintek + Pantalla 4:3 100 ;1.358.531;https://articulo.mercadolibre.com.ar/MLA-1390220079-mini-proyector-4k-recargable-3d-byintek-pantalla-43-100-_JM#position=26&search_layout=stack&type=item&tracking_id=c1e3daba-6221-4379-8dc5-a5e3cef549a8;https://http2.mlstatic.com/D_NQ_NP_844047-MLA71997910881_092023-V.jpg;ALITOYS.COM.AR
126;Pantalla Para Proyector Con Soporte 180puLG Portatil 16:9 4k;1.327.199;https://articulo.mercadolibre.com.ar/MLA-1388340432-pantalla-para-proyector-con-soporte-180pulg-portatil-169-4k-_JM#position=27&search_layout=stack&type=item&tracking_id=c1e3daba-6221-4379-8dc5-a5e3cef549a8;https://http2.mlstatic.com/D_NQ_NP_941393-MLA54851309014_042023-V.jpg;ELBAZARDIGITAL
127;Mini Proyector 4k Recargable 3d Byintek + Pantalla 4:3 100 ;849.082;https://articulo.mercadolibre.com.ar/MLA-1520876070-mini-proyector-4k-recargable-3d-byintek-pantalla-43-100-_JM#position=28&search_layout=stack&type=item&tracking_id=c1e3daba-6221-4379-8dc5-a5e3cef549a8;https://http2.mlstatic.com/D_NQ_NP_820976-MLA71941822784_092023-V.jpg;ALITOYS.COM.AR
128;Mini Proyector 4k Recargable 3d Byintek + Pantalla 16:9 84 ;1.368.636;https://articulo.mercadolibre.com.ar/MLA-1390271629-mini-proyector-4k-recargable-3d-byintek-pantalla-169-84-_JM#position=29&search_layout=stack&type=item&tracking_id=c1e3daba-6221-4379-8dc5-a5e3cef549a8;https://http2.mlstatic.com/D_NQ_NP_676698-MLA71941822524_092023-V.jpg;ALITRADE.COM.AR
129;Mini Proyector 4k Recargable 3d Byintek + Pantalla 4:3 84 ;1.343.373;https://articulo.mercadolibre.com.ar/MLA-1390305775-mini-proyector-4k-recargable-3d-byintek-pantalla-43-84-_JM#position=30&search_layout=stack&type=item&tracking_id=c1e3daba-6221-4379-8dc5-a5e3cef549a8;https://http2.mlstatic.com/D_NQ_NP_946973-MLA71943266368_092023-V.jpg;ALITRADE.COM.AR
130;Mini Proyector 4k Recargable 3d Byintek + Pantalla 4:3 84 ;1.343.373;https://articulo.mercadolibre.com.ar/MLA-1390258749-mini-proyector-4k-recargable-3d-byintek-pantalla-43-84-_JM#position=31&search_layout=stack&type=item&tracking_id=c1e3daba-6221-4379-8dc5-a5e3cef549a8;https://http2.mlstatic.com/D_NQ_NP_993732-MLA71943266592_092023-V.jpg;ALITOYS.COM.AR
131;Mini Proyector 4k Recargable 3d Byintek + Pantalla 16:9 84 ;855.397;https://articulo.mercadolibre.com.ar/MLA-1390220051-mini-proyector-4k-recargable-3d-byintek-pantalla-169-84-_JM#position=32&search_layout=stack&type=item&tracking_id=c1e3daba-6221-4379-8dc5-a5e3cef549a8;https://http2.mlstatic.com/D_NQ_NP_631691-MLA71943048406_092023-V.jpg;ALITOYS.COM.AR
132;Mini Proyector 4k Recargable 3d Byintek + Pantalla 16:9 84 ;1.368.636;https://articulo.mercadolibre.com.ar/MLA-1390258739-mini-proyector-4k-recargable-3d-byintek-pantalla-169-84-_JM#position=33&search_layout=stack&type=item&tracking_id=c1e3daba-6221-4379-8dc5-a5e3cef549a8;https://http2.mlstatic.com/D_NQ_NP_631691-MLA71943048406_092023-V.jpg;ALITOYS.COM.AR
133;Mini Proyector 4k Recargable 3d Byintek + Pantalla 16:9 100 ;1.398.952;https://articulo.mercadolibre.com.ar/MLA-1390292801-mini-proyector-4k-recargable-3d-byintek-pantalla-169-100-_JM#position=34&search_layout=stack&type=item&tracking_id=c1e3daba-6221-4379-8dc5-a5e3cef549a8;https://http2.mlstatic.com/D_NQ_NP_918130-MLA71980843773_092023-V.jpg;ALITOYS.COM.AR
134;Mini Proyector 4k Recargable 3d Byintek + Pantalla 16:9 100 ;1.398.952;https://articulo.mercadolibre.com.ar/MLA-1390207039-mini-proyector-4k-recargable-3d-byintek-pantalla-169-100-_JM#position=35&search_layout=stack&type=item&tracking_id=c1e3daba-6221-4379-8dc5-a5e3cef549a8;https://http2.mlstatic.com/D_NQ_NP_625930-MLA71981235695_092023-V.jpg;ALITRADE.COM.AR
135;Mini Proyector 4k Android 3d Recargable Byintek + Pantalla;1.479.794;https://articulo.mercadolibre.com.ar/MLA-1291719924-mini-proyector-4k-android-3d-recargable-byintek-pantalla-_JM#position=36&search_layout=stack&type=item&tracking_id=c1e3daba-6221-4379-8dc5-a5e3cef549a8;https://http2.mlstatic.com/D_NQ_NP_741575-MLA53057753273_122022-V.jpg;ALITOYS.COM.AR
136;Mini Proyector 4k Recargable 3d Byintek + Pantalla 4:3 84 ;839.608;https://articulo.mercadolibre.com.ar/MLA-1390220133-mini-proyector-4k-recargable-3d-byintek-pantalla-43-84-_JM#position=37&search_layout=stack&type=item&tracking_id=c1e3daba-6221-4379-8dc5-a5e3cef549a8;https://http2.mlstatic.com/D_NQ_NP_946973-MLA71943266368_092023-V.jpg;ALITRADE.COM.AR
137;Mini Proyector 4k Byintek Android 3d Recargable + Pantalla;1.479.794;https://articulo.mercadolibre.com.ar/MLA-1291834558-mini-proyector-4k-byintek-android-3d-recargable-pantalla-_JM#position=38&search_layout=stack&type=item&tracking_id=c1e3daba-6221-4379-8dc5-a5e3cef549a8;https://http2.mlstatic.com/D_NQ_NP_910584-MLA53057816086_122022-V.jpg;ALITOYS.COM.AR
138;Mini Proyector 4k Recargable 3d Android Byintek + Pantalla;924.871;https://articulo.mercadolibre.com.ar/MLA-1291905325-mini-proyector-4k-recargable-3d-android-byintek-pantalla-_JM#position=39&search_layout=stack&type=item&tracking_id=c1e3daba-6221-4379-8dc5-a5e3cef549a8;https://http2.mlstatic.com/D_NQ_NP_679904-MLA53057744286_122022-V.jpg;ALITRADE.COM.AR
139;Mini Proyector 4k Recargable 3d Byintek + Pantalla 16:9 84 ;855.397;https://articulo.mercadolibre.com.ar/MLA-1390305771-mini-proyector-4k-recargable-3d-byintek-pantalla-169-84-_JM#position=40&search_layout=stack&type=item&tracking_id=c1e3daba-6221-4379-8dc5-a5e3cef549a8;https://http2.mlstatic.com/D_NQ_NP_676698-MLA71941822524_092023-V.jpg;ALITRADE.COM.AR
140;Mini Proyector 4k Byintek Recargable 3d Android + Pantalla;1.479.794;https://articulo.mercadolibre.com.ar/MLA-1291719861-mini-proyector-4k-byintek-recargable-3d-android-pantalla-_JM#position=41&search_layout=stack&type=item&tracking_id=c1e3daba-6221-4379-8dc5-a5e3cef549a8;https://http2.mlstatic.com/D_NQ_NP_938752-MLA53057615823_122022-V.jpg;ALITRADE.COM.AR
141;Pantalla Fija Proyectores Para Meter Parlantes Detrás ;3.600.000;https://articulo.mercadolibre.com.ar/MLA-1584457570-pantalla-fija-proyectores-para-meter-parlantes-detras-_JM#position=42&search_layout=stack&type=item&tracking_id=c1e3daba-6221-4379-8dc5-a5e3cef549a8;https://http2.mlstatic.com/D_NQ_NP_810208-MLA73194073305_122023-V.jpg;GUMAXTHX
142;Pantalla Motorizada Para Proyectores Laser De Tiro Corto ;3.000.000;https://articulo.mercadolibre.com.ar/MLA-1584416566-pantalla-motorizada-para-proyectores-laser-de-tiro-corto-_JM#position=43&search_layout=stack&type=item&tracking_id=c1e3daba-6221-4379-8dc5-a5e3cef549a8;https://http2.mlstatic.com/D_NQ_NP_733281-MLA73110375782_122023-V.jpg;GUMAXTHX
143;Novastar J6 Procesador Escalador Para Pantallas Led 4k;3.907.000;https://articulo.mercadolibre.com.ar/MLA-775247418-novastar-j6-procesador-escalador-para-pantallas-led-4k-_JM#position=44&search_layout=stack&type=item&tracking_id=c1e3daba-6221-4379-8dc5-a5e3cef549a8;https://http2.mlstatic.com/D_NQ_NP_676171-MLA31613053787_072019-V.jpg;AVSONLINE
144;Pantalla Display Lcd Impresora 3d Cr-10 V2 Y V3 Original;110.968;https://articulo.mercadolibre.com.ar/MLA-1110272840-pantalla-display-lcd-impresora-3d-cr-10-v2-y-v3-original-_JM#position=45&search_layout=stack&type=item&tracking_id=c1e3daba-6221-4379-8dc5-a5e3cef549a8;https://http2.mlstatic.com/D_NQ_NP_977133-MLA49615405851_042022-V.jpg;GEDESIGN
145;Flex De Pantalla Para iMac A1418 21.5 Mk142ll Mk442ll Mk452;100.769;https://articulo.mercadolibre.com.ar/MLA-1163524527-flex-de-pantalla-para-imac-a1418-215-mk142ll-mk442ll-mk452-_JM#position=46&search_layout=stack&type=item&tracking_id=c1e3daba-6221-4379-8dc5-a5e3cef549a8;https://http2.mlstatic.com/D_NQ_NP_696826-MLA51441235834_092022-V.jpg;ELBAZARDIGITAL
146;Protector De Pantalla Para Lenovo Tab P11/p11 Plus Pack X2;48.249;https://articulo.mercadolibre.com.ar/MLA-1130914466-protector-de-pantalla-para-lenovo-tab-p11p11-plus-pack-x2-_JM#position=47&search_layout=stack&type=item&tracking_id=c1e3daba-6221-4379-8dc5-a5e3cef549a8;https://http2.mlstatic.com/D_NQ_NP_635157-MLA49587009556_042022-V.jpg;ELBAZARDIGITAL
147;Cable Displayport 4k 60hz Anbear De 6 Pies Para Pantallas;26.684;https://articulo.mercadolibre.com.ar/MLA-896153590-cable-displayport-4k-60hz-anbear-de-6-pies-para-pantallas-_JM#position=48&search_layout=stack&type=item&tracking_id=c1e3daba-6221-4379-8dc5-a5e3cef549a8;https://http2.mlstatic.com/D_NQ_NP_761637-MLA48238402328_112021-V.jpg;LIBERATE TODO_A_PEDIDO
148;Visiontek Vt4510 Estación Acoplamiento Doble Pantalla 4k Usb;727.799;https://articulo.mercadolibre.com.ar/MLA-1588566596-visiontek-vt4510-estacion-acoplamiento-doble-pantalla-4k-usb-_JM#position=49&search_layout=stack&type=item&tracking_id=c1e3daba-6221-4379-8dc5-a5e3cef549a8;https://http2.mlstatic.com/D_NQ_NP_900057-MLA73158242578_122023-V.jpg;AMERICAN OFFERS
149;Lenovo Ideapad Slim 4k Touch I7-1165g 512gb Ssd 16gb Uhd Ips;3.715.047;https://articulo.mercadolibre.com.ar/MLA-1387949645-lenovo-ideapad-slim-4k-touch-i7-1165g-512gb-ssd-16gb-uhd-ips-_JM#position=50&search_layout=stack&type=item&tracking_id=c1e3daba-6221-4379-8dc5-a5e3cef549a8;https://http2.mlstatic.com/D_NQ_NP_827136-MLA71674598517_092023-V.jpg;DROIDU.STORE
150;Lenovo Ideapad Slim 4k Touch I7-1165g 512gb Ssd 16gb Uhd Ips;3.715.047;https://articulo.mercadolibre.com.ar/MLA-1141825791-lenovo-ideapad-slim-4k-touch-i7-1165g-512gb-ssd-16gb-uhd-ips-_JM#position=1&search_layout=stack&type=item&tracking_id=30e9fcf2-a098-46d8-8dae-7678046443d3;https://http2.mlstatic.com/D_NQ_NP_748345-MLA47888068659_102021-V.jpg;DROIDU STORE
151;Dell Inspiron 7000 I7559 15.6  Uhd 4k Gtx960m 16gb A Pedido!;2.084.241;https://articulo.mercadolibre.com.ar/MLA-1512131870-dell-inspiron-7000-i7559-156-uhd-4k-gtx960m-16gb-a-pedido-_JM#position=2&search_layout=stack&type=item&tracking_id=30e9fcf2-a098-46d8-8dae-7678046443d3;https://http2.mlstatic.com/D_NQ_NP_994809-MLA71808297831_092023-V.jpg;NEWARRIVALSTORE
152;Dell Xps9560-7001sl 15.6  4k I7 16gb 512gb Gtx1050 A Pedido!;2.742.601;https://articulo.mercadolibre.com.ar/MLA-1388862451-dell-xps9560-7001sl-156-4k-i7-16gb-512gb-gtx1050-a-pedido-_JM#position=3&search_layout=stack&type=item&tracking_id=30e9fcf2-a098-46d8-8dae-7678046443d3;https://http2.mlstatic.com/D_NQ_NP_988149-MLA71808366459_092023-V.jpg;NEWARRIVALSTORE
153;Lenovo Yoga 720 2en1 15.6  4k 16gb I7 Gtx1050 A Pedido!!!;2.929.516;https://articulo.mercadolibre.com.ar/MLA-1512131882-lenovo-yoga-720-2en1-156-4k-16gb-i7-gtx1050-a-pedido-_JM#position=4&search_layout=stack&type=item&tracking_id=30e9fcf2-a098-46d8-8dae-7678046443d3;https://http2.mlstatic.com/D_NQ_NP_701023-MLA71808259683_092023-V.jpg;NEWARRIVALSTORE
154;Dell Inspiron 7000 I7559 15.6  Uhd 4k Gtx960m 16gb A Pedido!;2.533.998;https://articulo.mercadolibre.com.ar/MLA-677059101-dell-inspiron-7000-i7559-156-uhd-4k-gtx960m-16gb-a-pedido-_JM#position=5&search_layout=stack&type=item&tracking_id=30e9fcf2-a098-46d8-8dae-7678046443d3;https://http2.mlstatic.com/D_NQ_NP_717288-MLA31062330332_062019-V.jpg;PS3ARGENTINA
155;"Notebook Asus ZenBook UX581LV celestial blue táctil 15.6"", Intel Core i9 10980HK  32GB de RAM 1TB HDD, NVIDIA GeForce RTX 2060 60 Hz 3840x2160px Windows 10 Pro";4.914.929;https://www.mercadolibre.com.ar/notebook-asus-zenbook-ux581lv-celestial-blue-tactil-156-intel-core-i9-10980hk-32gb-de-ram-1tb-hdd-nvidia-geforce-rtx-2060-60-hz-3840x2160px-windows-10-pro/p/MLA16173814?pdp_filters=category:MLA1648#searchVariation=MLA16173814&position=49&search_layout=stack&type=product&tracking_id=30e9fcf2-a098-46d8-8dae-7678046443d3;https://http2.mlstatic.com/D_NQ_NP_940724-MLA45686065916_042021-V.jpg;
156;Pantalla Tactil Dell C6522qt Class 4k Uhd, A Pedido!!;15.362.041;https://articulo.mercadolibre.com.ar/MLA-1117468294-pantalla-tactil-dell-c6522qt-class-4k-uhd-a-pedido-_JM#position=6&search_layout=stack&type=item&tracking_id=30e9fcf2-a098-46d8-8dae-7678046443d3;https://http2.mlstatic.com/D_NQ_NP_987668-MLA48688940224_122021-V.jpg;PS3ARGENTINA
157;Lenovo Thinkpad Hybrid Usb -c Con Usb -a Dock 2 Pantallas 4k;587.630;https://articulo.mercadolibre.com.ar/MLA-1467671238-lenovo-thinkpad-hybrid-usb-c-con-usb-a-dock-2-pantallas-4k-_JM#position=7&search_layout=stack&type=item&tracking_id=30e9fcf2-a098-46d8-8dae-7678046443d3;https://http2.mlstatic.com/D_NQ_NP_975453-MLA70885551004_082023-V.jpg;COMARVEN
158;Pantalla De Proyeccion Electrica 120  16:9 Alto Contraste 4k;399.000;https://articulo.mercadolibre.com.ar/MLA-1398324787-pantalla-de-proyeccion-electrica-120-169-alto-contraste-4k-_JM#position=8&search_layout=stack&type=item&tracking_id=30e9fcf2-a098-46d8-8dae-7678046443d3;https://http2.mlstatic.com/D_NQ_NP_688985-MLA73199703808_122023-V.jpg;GASPAR2001_DRA
159;Lenovo Thinkpad Hybrid Usb -c Con Usb -a Dock 2 Pantallas 4k;942.720;https://articulo.mercadolibre.com.ar/MLA-1467695438-lenovo-thinkpad-hybrid-usb-c-con-usb-a-dock-2-pantallas-4k-_JM#position=9&search_layout=stack&type=item&tracking_id=30e9fcf2-a098-46d8-8dae-7678046443d3;https://http2.mlstatic.com/D_NQ_NP_975453-MLA70885551004_082023-V.jpg;COMARVEN
160;iMac 21  Con Retina Display 4k: 3.6ghz;6.000.000;https://articulo.mercadolibre.com.ar/MLA-928278152-imac-21-con-retina-display-4k-36ghz-_JM#position=10&search_layout=stack&type=item&tracking_id=30e9fcf2-a098-46d8-8dae-7678046443d3;https://http2.mlstatic.com/D_NQ_NP_830440-MLA46613968205_072021-V.jpg;LASOLE2000
161;Hub Usb C Con Hdmi 4k Usb-c Thunerbolt 4 (pantalla+carga Pd ;163.299;https://articulo.mercadolibre.com.ar/MLA-1327735146-hub-usb-c-con-hdmi-4k-usb-c-thunerbolt-4-pantallacarga-pd-_JM#position=11&search_layout=stack&type=item&tracking_id=30e9fcf2-a098-46d8-8dae-7678046443d3;https://http2.mlstatic.com/D_NQ_NP_981021-MLA53531536655_012023-V.jpg;DELGADOMARIANO
162;Pantalla Profesional Samsung 49  Model: Lh49pmhpbgc/zb;299.000;https://articulo.mercadolibre.com.ar/MLA-1540083340-pantalla-profesional-samsung-49-model-lh49pmhpbgczb-_JM#position=12&search_layout=stack&type=item&tracking_id=30e9fcf2-a098-46d8-8dae-7678046443d3;https://http2.mlstatic.com/D_NQ_NP_705447-MLA72444877908_102023-V.jpg;MURUAMACARENA
163;Dell Xps 7390 2 En 1 - I7 3.9ghz, 512gb, 4k Tactil;800.000;https://articulo.mercadolibre.com.ar/MLA-1464644260-dell-xps-7390-2-en-1-i7-39ghz-512gb-4k-tactil-_JM#position=13&search_layout=stack&type=item&tracking_id=30e9fcf2-a098-46d8-8dae-7678046443d3;https://http2.mlstatic.com/D_NQ_NP_699147-MLA70832749139_082023-V.jpg;ZETA2.STORE
164; Tableta Gráfica Huion Kamvas Pro 24 (4k) Qled, Hdr C/nueva!;1.499.999;https://articulo.mercadolibre.com.ar/MLA-1591161204-tableta-grafica-huion-kamvas-pro-24-4k-qled-hdr-cnueva-_JM#position=14&search_layout=stack&type=item&tracking_id=30e9fcf2-a098-46d8-8dae-7678046443d3;https://http2.mlstatic.com/D_NQ_NP_792063-MLA73194246100_122023-V.jpg;MLSERCOFIN
165;iMac (retina 4k, 21.5-inch, Late 2015);590.000;https://articulo.mercadolibre.com.ar/MLA-1578429926-imac-retina-4k-215-inch-late-2015-_JM#position=15&search_layout=stack&type=item&tracking_id=30e9fcf2-a098-46d8-8dae-7678046443d3;https://http2.mlstatic.com/D_NQ_NP_611099-MLA73101517383_112023-V.jpg;GLUTENGLUTEN20230529173010
166;iMac Retina 4k, 21.5-inch, 2019 ,i5 3ghz 8gb En Caja Permuto;1.299.000;https://articulo.mercadolibre.com.ar/MLA-1494389212-imac-retina-4k-215-inch-2019-i5-3ghz-8gb-en-caja-permuto-_JM#position=16&search_layout=stack&type=item&tracking_id=30e9fcf2-a098-46d8-8dae-7678046443d3;https://http2.mlstatic.com/D_NQ_NP_998694-MLA71482796043_092023-V.jpg;FLUSSOMETER-SERVICE
167;Razer Blade 15 Advanced I9-11900h Rtx 3080 32gb 4k Touch 1tb;3.330.000;https://articulo.mercadolibre.com.ar/MLA-1363320183-razer-blade-15-advanced-i9-11900h-rtx-3080-32gb-4k-touch-1tb-_JM#position=17&search_layout=stack&type=item&tracking_id=30e9fcf2-a098-46d8-8dae-7678046443d3;https://http2.mlstatic.com/D_NQ_NP_635692-MLA54516841067_032023-V.jpg;FENZINO
168;Apple iMac 21.5  4k Retina Problema De Pantalla;500.000;https://articulo.mercadolibre.com.ar/MLA-1395746761-apple-imac-215-4k-retina-problema-de-pantalla-_JM#position=18&search_layout=stack&type=item&tracking_id=30e9fcf2-a098-46d8-8dae-7678046443d3;https://http2.mlstatic.com/D_NQ_NP_628100-MLA72803242794_112023-V.jpg;FACU3ESTRELLAS
169;iMac Apple M1 Chip Plateada;2.350.000;https://articulo.mercadolibre.com.ar/MLA-1401012585-imac-apple-m1-chip-plateada-_JM#position=19&search_layout=stack&type=item&tracking_id=30e9fcf2-a098-46d8-8dae-7678046443d3;https://http2.mlstatic.com/D_NQ_NP_965504-MLA73666276138_012024-V.jpg;OLMA873678
170;Dell Xps 4k Touch - 16gb - Ssd 500gb + Nvidia - Foto/diseño!;740.000;https://articulo.mercadolibre.com.ar/MLA-1535163992-dell-xps-4k-touch-16gb-ssd-500gb-nvidia-fotodiseno-_JM#position=20&search_layout=stack&type=item&tracking_id=30e9fcf2-a098-46d8-8dae-7678046443d3;https://http2.mlstatic.com/D_NQ_NP_710400-MLA72222931009_102023-V.jpg;SEBA1975
171;Apple iMac 21.5 Late 2015 I5 8g 1tb Ssd;779.500;https://articulo.mercadolibre.com.ar/MLA-1325481234-apple-imac-215-late-2015-i5-8g-1tb-ssd-_JM#position=21&search_layout=stack&type=item&tracking_id=30e9fcf2-a098-46d8-8dae-7678046443d3;https://http2.mlstatic.com/D_NQ_NP_750819-MLA53502442154_012023-V.jpg;MARINALAVASTROU
172;iMac Retina 4k 21.5 Late 2015 (caja Original);590.000;https://articulo.mercadolibre.com.ar/MLA-1450848238-imac-retina-4k-215-late-2015-caja-original-_JM#position=22&search_layout=stack&type=item&tracking_id=30e9fcf2-a098-46d8-8dae-7678046443d3;https://http2.mlstatic.com/D_NQ_NP_814047-MLA70524023409_072023-V.jpg;WANTA
173;iMac Retina 4k, 21,5 Inch, 2019, I5, 3ghz, 32gb;1.500.000;https://articulo.mercadolibre.com.ar/MLA-1397251275-imac-retina-4k-215-inch-2019-i5-3ghz-32gb-_JM#position=23&search_layout=stack&type=item&tracking_id=30e9fcf2-a098-46d8-8dae-7678046443d3;https://http2.mlstatic.com/D_NQ_NP_637038-MLA73044988200_112023-V.jpg;ALANBRATEN
174;iMac Apple | Retina 4k 2017 | 32gb Ram;1.490.000;https://articulo.mercadolibre.com.ar/MLA-1600360460-imac-apple-retina-4k-2017-32gb-ram-_JM#position=24&search_layout=stack&type=item&tracking_id=30e9fcf2-a098-46d8-8dae-7678046443d3;https://http2.mlstatic.com/D_NQ_NP_863228-MLA73339560878_122023-V.jpg;LELU9462305
175;iMac 21.5 2.8 Ghz. I5 Comprado En Chile Enero 2019;1.290.000;https://articulo.mercadolibre.com.ar/MLA-1317806028-imac-215-28-ghz-i5-comprado-en-chile-enero-2019-_JM#position=25&search_layout=stack&type=item&tracking_id=30e9fcf2-a098-46d8-8dae-7678046443d3;https://http2.mlstatic.com/D_NQ_NP_939428-MLA53419511068_012023-V.jpg;MILARTES
176;Dell Inspiron 15  7000 2in1 4k Touch Screen  I7 16gb Ssd500;735.000;https://articulo.mercadolibre.com.ar/MLA-1401588394-dell-inspiron-15-7000-2in1-4k-touch-screen-i7-16gb-ssd500-_JM#position=26&search_layout=stack&type=item&tracking_id=30e9fcf2-a098-46d8-8dae-7678046443d3;https://http2.mlstatic.com/D_NQ_NP_812966-MLA50303889550_062022-V.jpg;CLARAKY
177;iMac 21.5   4k Intel Core I5 De 6 Núcleos. 3.0 Ghz - Ssd256;1.950.000;https://articulo.mercadolibre.com.ar/MLA-1607119312-imac-215-4k-intel-core-i5-de-6-nucleos-30-ghz-ssd256-_JM#position=27&search_layout=stack&type=item&tracking_id=30e9fcf2-a098-46d8-8dae-7678046443d3;https://http2.mlstatic.com/D_NQ_NP_914548-MLA73570435351_122023-V.jpg;MARIA ESTUARDOM
178;Ultrabook Toshiba 4k I7 360° Pantalla Rota.;200.000;https://articulo.mercadolibre.com.ar/MLA-1610184288-ultrabook-toshiba-4k-i7-360-pantalla-rota-_JM#position=28&search_layout=stack&type=item&tracking_id=30e9fcf2-a098-46d8-8dae-7678046443d3;https://http2.mlstatic.com/D_NQ_NP_691756-MLA73639578953_122023-V.jpg;ALEXIS TW
179;Notebook Dell Inspiron 2n1;2.000.000;https://articulo.mercadolibre.com.ar/MLA-1613862554-notebook-dell-inspiron-2n1-_JM#position=29&search_layout=stack&type=item&tracking_id=30e9fcf2-a098-46d8-8dae-7678046443d3;https://http2.mlstatic.com/D_NQ_NP_692022-MLA73597845144_122023-V.jpg;MARIANO_B1211
180;Apple iMac 2017 I5 3.4ghz 21.5  4k Retina 8gb Ram 1tb Hdd;900.000;https://articulo.mercadolibre.com.ar/MLA-1610188068-apple-imac-2017-i5-34ghz-215-4k-retina-8gb-ram-1tb-hdd-_JM#position=30&search_layout=stack&type=item&tracking_id=30e9fcf2-a098-46d8-8dae-7678046443d3;https://http2.mlstatic.com/D_NQ_NP_850386-MLA73625194413_122023-V.jpg;STUDIOVELIKA
181;Dell Inspiron 7000 I7559 15.6 Uhd 4k Gtx960m 16gb 1tb + 500;422.500;https://articulo.mercadolibre.com.ar/MLA-1303637163-dell-inspiron-7000-i7559-156-uhd-4k-gtx960m-16gb-1tb-500-_JM#position=31&search_layout=stack&type=item&tracking_id=30e9fcf2-a098-46d8-8dae-7678046443d3;https://http2.mlstatic.com/D_NQ_NP_613088-MLA53208986586_012023-V.jpg;CHARIMAX
182;Ultrabook Toshiba 360° 4k Pantalla Rota ;200.000;https://articulo.mercadolibre.com.ar/MLA-1400159209-ultrabook-toshiba-360-4k-pantalla-rota-_JM#position=32&search_layout=stack&type=item&tracking_id=30e9fcf2-a098-46d8-8dae-7678046443d3;https://http2.mlstatic.com/D_NQ_NP_926169-MLA73638703143_122023-V.jpg;ALEXIS TW
183;Dell Xps 13.3 9360 I5 7th Gen 8gb 256gb 4k Touch;790.000;https://articulo.mercadolibre.com.ar/MLA-1326488696-dell-xps-133-9360-i5-7th-gen-8gb-256gb-4k-touch-_JM#position=33&search_layout=stack&type=item&tracking_id=30e9fcf2-a098-46d8-8dae-7678046443d3;https://http2.mlstatic.com/D_NQ_NP_957393-MLA53514861428_012023-V.jpg;ROYCANO1
184;Dell Xps 13.3 9360 I5 7th Gen 8gb 256gb 4k Touch;1.300.000;https://articulo.mercadolibre.com.ar/MLA-1133682205-dell-xps-133-9360-i5-7th-gen-8gb-256gb-4k-touch-_JM#position=34&search_layout=stack&type=item&tracking_id=30e9fcf2-a098-46d8-8dae-7678046443d3;https://http2.mlstatic.com/D_NQ_NP_640597-MLA49752815294_042022-V.jpg;ROYCANO1
185;Pantalla Proyector 84 Pulgadas 4k Ultra Hd 16:9 Automatica;80.000;https://articulo.mercadolibre.com.ar/MLA-1403739900-pantalla-proyector-84-pulgadas-4k-ultra-hd-169-automatica-_JM#position=35&search_layout=stack&type=item&tracking_id=30e9fcf2-a098-46d8-8dae-7678046443d3;https://http2.mlstatic.com/D_NQ_NP_613031-MLA54969466873_042023-V.jpg;ZANDARIN09
186;iMac 21.5 4k 16gb Ram, 2tb, Late 2015;1.500.000;https://articulo.mercadolibre.com.ar/MLA-1621668718-imac-215-4k-16gb-ram-2tb-late-2015-_JM#position=36&search_layout=stack&type=item&tracking_id=30e9fcf2-a098-46d8-8dae-7678046443d3;https://http2.mlstatic.com/D_NQ_NP_778573-MLA72736418485_112023-V.jpg;PIESCARL
187;Dell Precision 5570 4k Touch 15.6  Core I7-12700h 32gb, 512g;3.200.000;https://articulo.mercadolibre.com.ar/MLA-1565606910-dell-precision-5570-4k-touch-156-core-i7-12700h-32gb-512g-_JM#position=37&search_layout=stack&type=item&tracking_id=30e9fcf2-a098-46d8-8dae-7678046443d3;https://http2.mlstatic.com/D_NQ_NP_794402-MLA70103115392_062023-V.jpg;KNALIS
188;Elevador Estabilizador Automatico De Tension 4k Mod: 4000;350.000;https://articulo.mercadolibre.com.ar/MLA-1616633912-elevador-estabilizador-automatico-de-tension-4k-mod-4000-_JM#position=38&search_layout=stack&type=item&tracking_id=30e9fcf2-a098-46d8-8dae-7678046443d3;https://http2.mlstatic.com/D_NQ_NP_996679-MLA73755466995_012024-V.jpg;PIPONARIO
189;Monitor Samsung S27a70 Lcd 27  Negro 100v/240v 4k;580.000;https://articulo.mercadolibre.com.ar/MLA-1573571610-monitor-samsung-s27a70-lcd-27-negro-100v240v-4k-_JM#position=39&search_layout=stack&type=item&tracking_id=30e9fcf2-a098-46d8-8dae-7678046443d3;https://http2.mlstatic.com/D_NQ_NP_994903-MLA72955520432_112023-V.jpg;DNOBUA
190;Notebook Dell Xps 9360 I5 256gb Ssd 4k Touch;750.000;https://articulo.mercadolibre.com.ar/MLA-1172490493-notebook-dell-xps-9360-i5-256gb-ssd-4k-touch-_JM#position=40&search_layout=stack&type=item&tracking_id=30e9fcf2-a098-46d8-8dae-7678046443d3;https://http2.mlstatic.com/D_NQ_NP_767555-MLA51623543466_092022-V.jpg;JCRUZ.92
191;iMac 3,4ghz Retina 4k 21.5 2017 Ssd 1t 32gb Ram;1.650.000;https://articulo.mercadolibre.com.ar/MLA-1570421014-imac-34ghz-retina-4k-215-2017-ssd-1t-32gb-ram-_JM#position=41&search_layout=stack&type=item&tracking_id=30e9fcf2-a098-46d8-8dae-7678046443d3;https://http2.mlstatic.com/D_NQ_NP_673512-MLA71834343041_092023-V.jpg;MVITACCA
192;iMac Retina 4k 21.5-inch, 2019;1.500.000;https://articulo.mercadolibre.com.ar/MLA-1588469172-imac-retina-4k-215-inch-2019-_JM#position=42&search_layout=stack&type=item&tracking_id=30e9fcf2-a098-46d8-8dae-7678046443d3;https://http2.mlstatic.com/D_NQ_NP_864832-MLA54910897068_042023-V.jpg;CAMILAEXP
193;Lenovo Flex 5 I7 7500 - 500gb Ssd;800.000;https://articulo.mercadolibre.com.ar/MLA-1597472508-lenovo-flex-5-i7-7500-500gb-ssd-_JM#position=43&search_layout=stack&type=item&tracking_id=30e9fcf2-a098-46d8-8dae-7678046443d3;https://http2.mlstatic.com/D_NQ_NP_709141-MLA73324177564_122023-V.jpg;ROAU7918793
194;Dell Xps 15 9570 32gb Ram 4k Touch;1.595.000;https://articulo.mercadolibre.com.ar/MLA-1412294368-dell-xps-15-9570-32gb-ram-4k-touch-_JM#position=44&search_layout=stack&type=item&tracking_id=30e9fcf2-a098-46d8-8dae-7678046443d3;https://http2.mlstatic.com/D_NQ_NP_850626-MLA52396858020_112022-V.jpg;INMENSUS
195;iMac 2019 27 Pulgadas 4k;600.000;https://articulo.mercadolibre.com.ar/MLA-1608070812-imac-2019-27-pulgadas-4k-_JM#position=45&search_layout=stack&type=item&tracking_id=30e9fcf2-a098-46d8-8dae-7678046443d3;https://http2.mlstatic.com/D_NQ_NP_712638-MLA71482007499_092023-V.jpg;FGUESPE
196;Pantalla Proyector 200 Pulgadas 16:9 Hd 4k Front/back Nuevo!;325.000;https://articulo.mercadolibre.com.ar/MLA-1400741611-pantalla-proyector-200-pulgadas-169-hd-4k-frontback-nuevo-_JM#position=46&search_layout=stack&type=item&tracking_id=30e9fcf2-a098-46d8-8dae-7678046443d3;https://http2.mlstatic.com/D_NQ_NP_705440-MLA73631345632_122023-V.jpg;VEJA1775857
197;Hp Spectre 360 I7 7ma Gen+ 16 Gb Ddr4 + 512 Ssd 4k ;835.585;https://articulo.mercadolibre.com.ar/MLA-1339317980-hp-spectre-360-i7-7ma-gen-16-gb-ddr4-512-ssd-4k-_JM#position=47&search_layout=stack&type=item&tracking_id=30e9fcf2-a098-46d8-8dae-7678046443d3;https://http2.mlstatic.com/D_NQ_NP_886835-MLA53681753280_022023-V.jpg;THENA.TECNO
198;Flex De Pantalla  A T Con  Tv Php-0065-4k;6.429;https://articulo.mercadolibre.com.ar/MLA-1125366690-flex-de-pantalla-a-t-con-tv-php-0065-4k-_JM#position=48&search_layout=stack&type=item&tracking_id=30e9fcf2-a098-46d8-8dae-7678046443d3;https://http2.mlstatic.com/D_NQ_NP_885963-MLA49231007249_022022-V.jpg;OULET PLACAS
